Facility,Lat,Long,Archetype
Sample Residence,14.269423886643697,121.06955182878174,residential
Sample Residence_Point_1,14.254195631172516,121.05132030745467,residential
Sample Residence_Point_2,14.255096532073416,121.05132030745467,residential
Sample Residence_Point_3,14.255997432974317,121.05132030745467,residential
Sample Residence_Point_4,14.256898333875217,121.05132030745467,residential
Sample Residence_Point_5,14.257799234776117,121.05132030745467,residential
Sample Residence_Point_6,14.258700135677017,121.05132030745467,residential
Sample Residence_Point_7,14.259601036577918,121.05132030745467,residential
Sample Residence_Point_8,14.260501937478818,121.05132030745467,residential
Sample Residence_Point_9,14.261402838379718,121.05132030745467,residential
Sample Residence_Point_10,14.262303739280618,121.05132030745467,residential
Sample Residence_Point_11,14.263204640181518,121.05132030745467,residential
Sample Residence_Point_12,14.264105541082419,121.05132030745467,residential
Sample Residence_Point_13,14.265006441983319,121.05132030745467,residential
Sample Residence_Point_14,14.26590734288422,121.05132030745467,residential
Sample Residence_Point_15,14.26680824378512,121.05132030745467,residential
Sample Residence_Point_16,14.26770914468602,121.05132030745467,residential
Sample Residence_Point_17,14.26861004558692,121.05132030745467,residential
Sample Residence_Point_18,14.26951094648782,121.05132030745467,residential
Sample Residence_Point_19,14.27041184738872,121.05132030745467,residential
Sample Residence_Point_20,14.27131274828962,121.05132030745467,residential
Sample Residence_Point_21,14.27221364919052,121.05132030745467,residential
Sample Residence_Point_22,14.273114550091421,121.05132030745467,residential
Sample Residence_Point_23,14.274015450992321,121.05132030745467,residential
Sample Residence_Point_24,14.274916351893221,121.05132030745467,residential
Sample Residence_Point_25,14.23257400955091,121.05222120835558,residential
Sample Residence_Point_26,14.233474910451811,121.05222120835558,residential
Sample Residence_Point_27,14.234375811352711,121.05222120835558,residential
Sample Residence_Point_28,14.235276712253611,121.05222120835558,residential
Sample Residence_Point_29,14.236177613154512,121.05222120835558,residential
Sample Residence_Point_30,14.237078514055412,121.05222120835558,residential
Sample Residence_Point_31,14.237979414956312,121.05222120835558,residential
Sample Residence_Point_32,14.238880315857212,121.05222120835558,residential
Sample Residence_Point_33,14.239781216758113,121.05222120835558,residential
Sample Residence_Point_34,14.240682117659013,121.05222120835558,residential
Sample Residence_Point_35,14.241583018559913,121.05222120835558,residential
Sample Residence_Point_36,14.242483919460813,121.05222120835558,residential
Sample Residence_Point_37,14.243384820361713,121.05222120835558,residential
Sample Residence_Point_38,14.244285721262614,121.05222120835558,residential
Sample Residence_Point_39,14.245186622163514,121.05222120835558,residential
Sample Residence_Point_40,14.246087523064414,121.05222120835558,residential
Sample Residence_Point_41,14.246988423965314,121.05222120835558,residential
Sample Residence_Point_42,14.247889324866215,121.05222120835558,residential
Sample Residence_Point_43,14.248790225767115,121.05222120835558,residential
Sample Residence_Point_44,14.249691126668015,121.05222120835558,residential
Sample Residence_Point_45,14.250592027568915,121.05222120835558,residential
Sample Residence_Point_46,14.251492928469816,121.05222120835558,residential
Sample Residence_Point_47,14.252393829370716,121.05222120835558,residential
Sample Residence_Point_48,14.253294730271616,121.05222120835558,residential
Sample Residence_Point_49,14.254195631172516,121.05222120835558,residential
Sample Residence_Point_50,14.255096532073416,121.05222120835558,residential
Sample Residence_Point_51,14.255997432974317,121.05222120835558,residential
Sample Residence_Point_52,14.256898333875217,121.05222120835558,residential
Sample Residence_Point_53,14.257799234776117,121.05222120835558,residential
Sample Residence_Point_54,14.258700135677017,121.05222120835558,residential
Sample Residence_Point_55,14.259601036577918,121.05222120835558,residential
Sample Residence_Point_56,14.260501937478818,121.05222120835558,residential
Sample Residence_Point_57,14.261402838379718,121.05222120835558,residential
Sample Residence_Point_58,14.262303739280618,121.05222120835558,residential
Sample Residence_Point_59,14.263204640181518,121.05222120835558,residential
Sample Residence_Point_60,14.264105541082419,121.05222120835558,residential
Sample Residence_Point_61,14.265006441983319,121.05222120835558,residential
Sample Residence_Point_62,14.26590734288422,121.05222120835558,residential
Sample Residence_Point_63,14.26680824378512,121.05222120835558,residential
Sample Residence_Point_64,14.26770914468602,121.05222120835558,residential
Sample Residence_Point_65,14.26861004558692,121.05222120835558,residential
Sample Residence_Point_66,14.26951094648782,121.05222120835558,residential
Sample Residence_Point_67,14.27041184738872,121.05222120835558,residential
Sample Residence_Point_68,14.27131274828962,121.05222120835558,residential
Sample Residence_Point_69,14.27221364919052,121.05222120835558,residential
Sample Residence_Point_70,14.273114550091421,121.05222120835558,residential
Sample Residence_Point_71,14.274015450992321,121.05222120835558,residential
Sample Residence_Point_72,14.274916351893221,121.05222120835558,residential
Sample Residence_Point_73,14.275817252794122,121.05222120835558,residential
Sample Residence_Point_74,14.23077220774911,121.05312210925648,residential
Sample Residence_Point_75,14.23167310865001,121.05312210925648,residential
Sample Residence_Point_76,14.23257400955091,121.05312210925648,residential
Sample Residence_Point_77,14.233474910451811,121.05312210925648,residential
Sample Residence_Point_78,14.234375811352711,121.05312210925648,residential
Sample Residence_Point_79,14.235276712253611,121.05312210925648,residential
Sample Residence_Point_80,14.236177613154512,121.05312210925648,residential
Sample Residence_Point_81,14.237078514055412,121.05312210925648,residential
Sample Residence_Point_82,14.237979414956312,121.05312210925648,residential
Sample Residence_Point_83,14.238880315857212,121.05312210925648,residential
Sample Residence_Point_84,14.239781216758113,121.05312210925648,residential
Sample Residence_Point_85,14.240682117659013,121.05312210925648,residential
Sample Residence_Point_86,14.241583018559913,121.05312210925648,residential
Sample Residence_Point_87,14.242483919460813,121.05312210925648,residential
Sample Residence_Point_88,14.243384820361713,121.05312210925648,residential
Sample Residence_Point_89,14.244285721262614,121.05312210925648,residential
Sample Residence_Point_90,14.245186622163514,121.05312210925648,residential
Sample Residence_Point_91,14.246087523064414,121.05312210925648,residential
Sample Residence_Point_92,14.246988423965314,121.05312210925648,residential
Sample Residence_Point_93,14.247889324866215,121.05312210925648,residential
Sample Residence_Point_94,14.248790225767115,121.05312210925648,residential
Sample Residence_Point_95,14.249691126668015,121.05312210925648,residential
Sample Residence_Point_96,14.250592027568915,121.05312210925648,residential
Sample Residence_Point_97,14.251492928469816,121.05312210925648,residential
Sample Residence_Point_98,14.252393829370716,121.05312210925648,residential
Sample Residence_Point_99,14.253294730271616,121.05312210925648,residential
Sample Residence_Point_100,14.254195631172516,121.05312210925648,residential
Sample Residence_Point_101,14.255096532073416,121.05312210925648,residential
Sample Residence_Point_102,14.255997432974317,121.05312210925648,residential
Sample Residence_Point_103,14.256898333875217,121.05312210925648,residential
Sample Residence_Point_104,14.257799234776117,121.05312210925648,residential
Sample Residence_Point_105,14.258700135677017,121.05312210925648,residential
Sample Residence_Point_106,14.259601036577918,121.05312210925648,residential
Sample Residence_Point_107,14.260501937478818,121.05312210925648,residential
Sample Residence_Point_108,14.261402838379718,121.05312210925648,residential
Sample Residence_Point_109,14.262303739280618,121.05312210925648,residential
Sample Residence_Point_110,14.263204640181518,121.05312210925648,residential
Sample Residence_Point_111,14.264105541082419,121.05312210925648,residential
Sample Residence_Point_112,14.265006441983319,121.05312210925648,residential
Sample Residence_Point_113,14.26590734288422,121.05312210925648,residential
Sample Residence_Point_114,14.26680824378512,121.05312210925648,residential
Sample Residence_Point_115,14.26770914468602,121.05312210925648,residential
Sample Residence_Point_116,14.26861004558692,121.05312210925648,residential
Sample Residence_Point_117,14.26951094648782,121.05312210925648,residential
Sample Residence_Point_118,14.27041184738872,121.05312210925648,residential
Sample Residence_Point_119,14.27131274828962,121.05312210925648,residential
Sample Residence_Point_120,14.27221364919052,121.05312210925648,residential
Sample Residence_Point_121,14.273114550091421,121.05312210925648,residential
Sample Residence_Point_122,14.274015450992321,121.05312210925648,residential
Sample Residence_Point_123,14.274916351893221,121.05312210925648,residential
Sample Residence_Point_124,14.275817252794122,121.05312210925648,residential
Sample Residence_Point_125,14.276718153695022,121.05312210925648,residential
Sample Residence_Point_126,14.23257400955091,121.05402301015738,residential
Sample Residence_Point_127,14.233474910451811,121.05402301015738,residential
Sample Residence_Point_128,14.234375811352711,121.05402301015738,residential
Sample Residence_Point_129,14.235276712253611,121.05402301015738,residential
Sample Residence_Point_130,14.236177613154512,121.05402301015738,residential
Sample Residence_Point_131,14.237078514055412,121.05402301015738,residential
Sample Residence_Point_132,14.237979414956312,121.05402301015738,residential
Sample Residence_Point_133,14.238880315857212,121.05402301015738,residential
Sample Residence_Point_134,14.239781216758113,121.05402301015738,residential
Sample Residence_Point_135,14.240682117659013,121.05402301015738,residential
Sample Residence_Point_136,14.241583018559913,121.05402301015738,residential
Sample Residence_Point_137,14.242483919460813,121.05402301015738,residential
Sample Residence_Point_138,14.243384820361713,121.05402301015738,residential
Sample Residence_Point_139,14.244285721262614,121.05402301015738,residential
Sample Residence_Point_140,14.245186622163514,121.05402301015738,residential
Sample Residence_Point_141,14.246087523064414,121.05402301015738,residential
Sample Residence_Point_142,14.246988423965314,121.05402301015738,residential
Sample Residence_Point_143,14.247889324866215,121.05402301015738,residential
Sample Residence_Point_144,14.248790225767115,121.05402301015738,residential
Sample Residence_Point_145,14.249691126668015,121.05402301015738,residential
Sample Residence_Point_146,14.250592027568915,121.05402301015738,residential
Sample Residence_Point_147,14.251492928469816,121.05402301015738,residential
Sample Residence_Point_148,14.252393829370716,121.05402301015738,residential
Sample Residence_Point_149,14.253294730271616,121.05402301015738,residential
Sample Residence_Point_150,14.254195631172516,121.05402301015738,residential
Sample Residence_Point_151,14.255096532073416,121.05402301015738,residential
Sample Residence_Point_152,14.255997432974317,121.05402301015738,residential
Sample Residence_Point_153,14.256898333875217,121.05402301015738,residential
Sample Residence_Point_154,14.257799234776117,121.05402301015738,residential
Sample Residence_Point_155,14.258700135677017,121.05402301015738,residential
Sample Residence_Point_156,14.259601036577918,121.05402301015738,residential
Sample Residence_Point_157,14.260501937478818,121.05402301015738,residential
Sample Residence_Point_158,14.261402838379718,121.05402301015738,residential
Sample Residence_Point_159,14.262303739280618,121.05402301015738,residential
Sample Residence_Point_160,14.263204640181518,121.05402301015738,residential
Sample Residence_Point_161,14.264105541082419,121.05402301015738,residential
Sample Residence_Point_162,14.265006441983319,121.05402301015738,residential
Sample Residence_Point_163,14.26590734288422,121.05402301015738,residential
Sample Residence_Point_164,14.26680824378512,121.05402301015738,residential
Sample Residence_Point_165,14.26770914468602,121.05402301015738,residential
Sample Residence_Point_166,14.26861004558692,121.05402301015738,residential
Sample Residence_Point_167,14.26951094648782,121.05402301015738,residential
Sample Residence_Point_168,14.27041184738872,121.05402301015738,residential
Sample Residence_Point_169,14.27131274828962,121.05402301015738,residential
Sample Residence_Point_170,14.27221364919052,121.05402301015738,residential
Sample Residence_Point_171,14.273114550091421,121.05402301015738,residential
Sample Residence_Point_172,14.274015450992321,121.05402301015738,residential
Sample Residence_Point_173,14.274916351893221,121.05402301015738,residential
Sample Residence_Point_174,14.275817252794122,121.05402301015738,residential
Sample Residence_Point_175,14.276718153695022,121.05402301015738,residential
Sample Residence_Point_176,14.277619054595922,121.05402301015738,residential
Sample Residence_Point_177,14.233474910451811,121.05492391105828,residential
Sample Residence_Point_178,14.234375811352711,121.05492391105828,residential
Sample Residence_Point_179,14.235276712253611,121.05492391105828,residential
Sample Residence_Point_180,14.236177613154512,121.05492391105828,residential
Sample Residence_Point_181,14.237078514055412,121.05492391105828,residential
Sample Residence_Point_182,14.237979414956312,121.05492391105828,residential
Sample Residence_Point_183,14.238880315857212,121.05492391105828,residential
Sample Residence_Point_184,14.239781216758113,121.05492391105828,residential
Sample Residence_Point_185,14.240682117659013,121.05492391105828,residential
Sample Residence_Point_186,14.241583018559913,121.05492391105828,residential
Sample Residence_Point_187,14.242483919460813,121.05492391105828,residential
Sample Residence_Point_188,14.243384820361713,121.05492391105828,residential
Sample Residence_Point_189,14.244285721262614,121.05492391105828,residential
Sample Residence_Point_190,14.245186622163514,121.05492391105828,residential
Sample Residence_Point_191,14.246087523064414,121.05492391105828,residential
Sample Residence_Point_192,14.246988423965314,121.05492391105828,residential
Sample Residence_Point_193,14.247889324866215,121.05492391105828,residential
Sample Residence_Point_194,14.248790225767115,121.05492391105828,residential
Sample Residence_Point_195,14.249691126668015,121.05492391105828,residential
Sample Residence_Point_196,14.250592027568915,121.05492391105828,residential
Sample Residence_Point_197,14.251492928469816,121.05492391105828,residential
Sample Residence_Point_198,14.252393829370716,121.05492391105828,residential
Sample Residence_Point_199,14.253294730271616,121.05492391105828,residential
Sample Residence_Point_200,14.254195631172516,121.05492391105828,residential
Sample Residence_Point_201,14.255096532073416,121.05492391105828,residential
Sample Residence_Point_202,14.255997432974317,121.05492391105828,residential
Sample Residence_Point_203,14.256898333875217,121.05492391105828,residential
Sample Residence_Point_204,14.257799234776117,121.05492391105828,residential
Sample Residence_Point_205,14.258700135677017,121.05492391105828,residential
Sample Residence_Point_206,14.259601036577918,121.05492391105828,residential
Sample Residence_Point_207,14.260501937478818,121.05492391105828,residential
Sample Residence_Point_208,14.261402838379718,121.05492391105828,residential
Sample Residence_Point_209,14.262303739280618,121.05492391105828,residential
Sample Residence_Point_210,14.263204640181518,121.05492391105828,residential
Sample Residence_Point_211,14.264105541082419,121.05492391105828,residential
Sample Residence_Point_212,14.265006441983319,121.05492391105828,residential
Sample Residence_Point_213,14.26590734288422,121.05492391105828,residential
Sample Residence_Point_214,14.26680824378512,121.05492391105828,residential
Sample Residence_Point_215,14.26770914468602,121.05492391105828,residential
Sample Residence_Point_216,14.26861004558692,121.05492391105828,residential
Sample Residence_Point_217,14.26951094648782,121.05492391105828,residential
Sample Residence_Point_218,14.27041184738872,121.05492391105828,residential
Sample Residence_Point_219,14.27131274828962,121.05492391105828,residential
Sample Residence_Point_220,14.27221364919052,121.05492391105828,residential
Sample Residence_Point_221,14.273114550091421,121.05492391105828,residential
Sample Residence_Point_222,14.274015450992321,121.05492391105828,residential
Sample Residence_Point_223,14.274916351893221,121.05492391105828,residential
Sample Residence_Point_224,14.275817252794122,121.05492391105828,residential
Sample Residence_Point_225,14.276718153695022,121.05492391105828,residential
Sample Residence_Point_226,14.277619054595922,121.05492391105828,residential
Sample Residence_Point_227,14.234375811352711,121.05582481195918,residential
Sample Residence_Point_228,14.235276712253611,121.05582481195918,residential
Sample Residence_Point_229,14.236177613154512,121.05582481195918,residential
Sample Residence_Point_230,14.237078514055412,121.05582481195918,residential
Sample Residence_Point_231,14.237979414956312,121.05582481195918,residential
Sample Residence_Point_232,14.238880315857212,121.05582481195918,residential
Sample Residence_Point_233,14.239781216758113,121.05582481195918,residential
Sample Residence_Point_234,14.240682117659013,121.05582481195918,residential
Sample Residence_Point_235,14.241583018559913,121.05582481195918,residential
Sample Residence_Point_236,14.242483919460813,121.05582481195918,residential
Sample Residence_Point_237,14.243384820361713,121.05582481195918,residential
Sample Residence_Point_238,14.244285721262614,121.05582481195918,residential
Sample Residence_Point_239,14.245186622163514,121.05582481195918,residential
Sample Residence_Point_240,14.246087523064414,121.05582481195918,residential
Sample Residence_Point_241,14.246988423965314,121.05582481195918,residential
Sample Residence_Point_242,14.247889324866215,121.05582481195918,residential
Sample Residence_Point_243,14.248790225767115,121.05582481195918,residential
Sample Residence_Point_244,14.249691126668015,121.05582481195918,residential
Sample Residence_Point_245,14.250592027568915,121.05582481195918,residential
Sample Residence_Point_246,14.251492928469816,121.05582481195918,residential
Sample Residence_Point_247,14.252393829370716,121.05582481195918,residential
Sample Residence_Point_248,14.253294730271616,121.05582481195918,residential
Sample Residence_Point_249,14.254195631172516,121.05582481195918,residential
Sample Residence_Point_250,14.255096532073416,121.05582481195918,residential
Sample Residence_Point_251,14.255997432974317,121.05582481195918,residential
Sample Residence_Point_252,14.256898333875217,121.05582481195918,residential
Sample Residence_Point_253,14.257799234776117,121.05582481195918,residential
Sample Residence_Point_254,14.258700135677017,121.05582481195918,residential
Sample Residence_Point_255,14.259601036577918,121.05582481195918,residential
Sample Residence_Point_256,14.260501937478818,121.05582481195918,residential
Sample Residence_Point_257,14.261402838379718,121.05582481195918,residential
Sample Residence_Point_258,14.262303739280618,121.05582481195918,residential
Sample Residence_Point_259,14.263204640181518,121.05582481195918,residential
Sample Residence_Point_260,14.264105541082419,121.05582481195918,residential
Sample Residence_Point_261,14.265006441983319,121.05582481195918,residential
Sample Residence_Point_262,14.26590734288422,121.05582481195918,residential
Sample Residence_Point_263,14.26680824378512,121.05582481195918,residential
Sample Residence_Point_264,14.26770914468602,121.05582481195918,residential
Sample Residence_Point_265,14.26861004558692,121.05582481195918,residential
Sample Residence_Point_266,14.26951094648782,121.05582481195918,residential
Sample Residence_Point_267,14.27041184738872,121.05582481195918,residential
Sample Residence_Point_268,14.27131274828962,121.05582481195918,residential
Sample Residence_Point_269,14.27221364919052,121.05582481195918,residential
Sample Residence_Point_270,14.273114550091421,121.05582481195918,residential
Sample Residence_Point_271,14.274015450992321,121.05582481195918,residential
Sample Residence_Point_272,14.274916351893221,121.05582481195918,residential
Sample Residence_Point_273,14.275817252794122,121.05582481195918,residential
Sample Residence_Point_274,14.276718153695022,121.05582481195918,residential
Sample Residence_Point_275,14.277619054595922,121.05582481195918,residential
Sample Residence_Point_276,14.278519955496822,121.05582481195918,residential
Sample Residence_Point_277,14.235276712253611,121.05672571286009,residential
Sample Residence_Point_278,14.236177613154512,121.05672571286009,residential
Sample Residence_Point_279,14.237078514055412,121.05672571286009,residential
Sample Residence_Point_280,14.237979414956312,121.05672571286009,residential
Sample Residence_Point_281,14.238880315857212,121.05672571286009,residential
Sample Residence_Point_282,14.239781216758113,121.05672571286009,residential
Sample Residence_Point_283,14.240682117659013,121.05672571286009,residential
Sample Residence_Point_284,14.241583018559913,121.05672571286009,residential
Sample Residence_Point_285,14.242483919460813,121.05672571286009,residential
Sample Residence_Point_286,14.243384820361713,121.05672571286009,residential
Sample Residence_Point_287,14.244285721262614,121.05672571286009,residential
Sample Residence_Point_288,14.245186622163514,121.05672571286009,residential
Sample Residence_Point_289,14.246087523064414,121.05672571286009,residential
Sample Residence_Point_290,14.246988423965314,121.05672571286009,residential
Sample Residence_Point_291,14.247889324866215,121.05672571286009,residential
Sample Residence_Point_292,14.248790225767115,121.05672571286009,residential
Sample Residence_Point_293,14.249691126668015,121.05672571286009,residential
Sample Residence_Point_294,14.250592027568915,121.05672571286009,residential
Sample Residence_Point_295,14.251492928469816,121.05672571286009,residential
Sample Residence_Point_296,14.252393829370716,121.05672571286009,residential
Sample Residence_Point_297,14.253294730271616,121.05672571286009,residential
Sample Residence_Point_298,14.254195631172516,121.05672571286009,residential
Sample Residence_Point_299,14.255096532073416,121.05672571286009,residential
Sample Residence_Point_300,14.255997432974317,121.05672571286009,residential
Sample Residence_Point_301,14.256898333875217,121.05672571286009,residential
Sample Residence_Point_302,14.257799234776117,121.05672571286009,residential
Sample Residence_Point_303,14.258700135677017,121.05672571286009,residential
Sample Residence_Point_304,14.259601036577918,121.05672571286009,residential
Sample Residence_Point_305,14.260501937478818,121.05672571286009,residential
Sample Residence_Point_306,14.261402838379718,121.05672571286009,residential
Sample Residence_Point_307,14.262303739280618,121.05672571286009,residential
Sample Residence_Point_308,14.263204640181518,121.05672571286009,residential
Sample Residence_Point_309,14.264105541082419,121.05672571286009,residential
Sample Residence_Point_310,14.265006441983319,121.05672571286009,residential
Sample Residence_Point_311,14.26590734288422,121.05672571286009,residential
Sample Residence_Point_312,14.26680824378512,121.05672571286009,residential
Sample Residence_Point_313,14.26770914468602,121.05672571286009,residential
Sample Residence_Point_314,14.26861004558692,121.05672571286009,residential
Sample Residence_Point_315,14.26951094648782,121.05672571286009,residential
Sample Residence_Point_316,14.27041184738872,121.05672571286009,residential
Sample Residence_Point_317,14.27131274828962,121.05672571286009,residential
Sample Residence_Point_318,14.27221364919052,121.05672571286009,residential
Sample Residence_Point_319,14.273114550091421,121.05672571286009,residential
Sample Residence_Point_320,14.274015450992321,121.05672571286009,residential
Sample Residence_Point_321,14.274916351893221,121.05672571286009,residential
Sample Residence_Point_322,14.275817252794122,121.05672571286009,residential
Sample Residence_Point_323,14.276718153695022,121.05672571286009,residential
Sample Residence_Point_324,14.277619054595922,121.05672571286009,residential
Sample Residence_Point_325,14.278519955496822,121.05672571286009,residential
Sample Residence_Point_326,14.279420856397723,121.05672571286009,residential
Sample Residence_Point_327,14.236177613154512,121.05762661376099,residential
Sample Residence_Point_328,14.237078514055412,121.05762661376099,residential
Sample Residence_Point_329,14.237979414956312,121.05762661376099,residential
Sample Residence_Point_330,14.238880315857212,121.05762661376099,residential
Sample Residence_Point_331,14.239781216758113,121.05762661376099,residential
Sample Residence_Point_332,14.240682117659013,121.05762661376099,residential
Sample Residence_Point_333,14.241583018559913,121.05762661376099,residential
Sample Residence_Point_334,14.242483919460813,121.05762661376099,residential
Sample Residence_Point_335,14.243384820361713,121.05762661376099,residential
Sample Residence_Point_336,14.244285721262614,121.05762661376099,residential
Sample Residence_Point_337,14.245186622163514,121.05762661376099,residential
Sample Residence_Point_338,14.246087523064414,121.05762661376099,residential
Sample Residence_Point_339,14.246988423965314,121.05762661376099,residential
Sample Residence_Point_340,14.247889324866215,121.05762661376099,residential
Sample Residence_Point_341,14.248790225767115,121.05762661376099,residential
Sample Residence_Point_342,14.249691126668015,121.05762661376099,residential
Sample Residence_Point_343,14.250592027568915,121.05762661376099,residential
Sample Residence_Point_344,14.251492928469816,121.05762661376099,residential
Sample Residence_Point_345,14.252393829370716,121.05762661376099,residential
Sample Residence_Point_346,14.253294730271616,121.05762661376099,residential
Sample Residence_Point_347,14.254195631172516,121.05762661376099,residential
Sample Residence_Point_348,14.255096532073416,121.05762661376099,residential
Sample Residence_Point_349,14.255997432974317,121.05762661376099,residential
Sample Residence_Point_350,14.256898333875217,121.05762661376099,residential
Sample Residence_Point_351,14.257799234776117,121.05762661376099,residential
Sample Residence_Point_352,14.258700135677017,121.05762661376099,residential
Sample Residence_Point_353,14.259601036577918,121.05762661376099,residential
Sample Residence_Point_354,14.260501937478818,121.05762661376099,residential
Sample Residence_Point_355,14.261402838379718,121.05762661376099,residential
Sample Residence_Point_356,14.262303739280618,121.05762661376099,residential
Sample Residence_Point_357,14.263204640181518,121.05762661376099,residential
Sample Residence_Point_358,14.264105541082419,121.05762661376099,residential
Sample Residence_Point_359,14.265006441983319,121.05762661376099,residential
Sample Residence_Point_360,14.26590734288422,121.05762661376099,residential
Sample Residence_Point_361,14.26680824378512,121.05762661376099,residential
Sample Residence_Point_362,14.26770914468602,121.05762661376099,residential
Sample Residence_Point_363,14.26861004558692,121.05762661376099,residential
Sample Residence_Point_364,14.26951094648782,121.05762661376099,residential
Sample Residence_Point_365,14.27041184738872,121.05762661376099,residential
Sample Residence_Point_366,14.27131274828962,121.05762661376099,residential
Sample Residence_Point_367,14.27221364919052,121.05762661376099,residential
Sample Residence_Point_368,14.273114550091421,121.05762661376099,residential
Sample Residence_Point_369,14.274015450992321,121.05762661376099,residential
Sample Residence_Point_370,14.274916351893221,121.05762661376099,residential
Sample Residence_Point_371,14.275817252794122,121.05762661376099,residential
Sample Residence_Point_372,14.276718153695022,121.05762661376099,residential
Sample Residence_Point_373,14.277619054595922,121.05762661376099,residential
Sample Residence_Point_374,14.278519955496822,121.05762661376099,residential
Sample Residence_Point_375,14.279420856397723,121.05762661376099,residential
Sample Residence_Point_376,14.237078514055412,121.05852751466189,residential
Sample Residence_Point_377,14.237979414956312,121.05852751466189,residential
Sample Residence_Point_378,14.238880315857212,121.05852751466189,residential
Sample Residence_Point_379,14.239781216758113,121.05852751466189,residential
Sample Residence_Point_380,14.240682117659013,121.05852751466189,residential
Sample Residence_Point_381,14.241583018559913,121.05852751466189,residential
Sample Residence_Point_382,14.242483919460813,121.05852751466189,residential
Sample Residence_Point_383,14.243384820361713,121.05852751466189,residential
Sample Residence_Point_384,14.244285721262614,121.05852751466189,residential
Sample Residence_Point_385,14.245186622163514,121.05852751466189,residential
Sample Residence_Point_386,14.246087523064414,121.05852751466189,residential
Sample Residence_Point_387,14.246988423965314,121.05852751466189,residential
Sample Residence_Point_388,14.247889324866215,121.05852751466189,residential
Sample Residence_Point_389,14.248790225767115,121.05852751466189,residential
Sample Residence_Point_390,14.249691126668015,121.05852751466189,residential
Sample Residence_Point_391,14.250592027568915,121.05852751466189,residential
Sample Residence_Point_392,14.251492928469816,121.05852751466189,residential
Sample Residence_Point_393,14.252393829370716,121.05852751466189,residential
Sample Residence_Point_394,14.253294730271616,121.05852751466189,residential
Sample Residence_Point_395,14.254195631172516,121.05852751466189,residential
Sample Residence_Point_396,14.255096532073416,121.05852751466189,residential
Sample Residence_Point_397,14.255997432974317,121.05852751466189,residential
Sample Residence_Point_398,14.256898333875217,121.05852751466189,residential
Sample Residence_Point_399,14.257799234776117,121.05852751466189,residential
Sample Residence_Point_400,14.258700135677017,121.05852751466189,residential
Sample Residence_Point_401,14.259601036577918,121.05852751466189,residential
Sample Residence_Point_402,14.260501937478818,121.05852751466189,residential
Sample Residence_Point_403,14.261402838379718,121.05852751466189,residential
Sample Residence_Point_404,14.262303739280618,121.05852751466189,residential
Sample Residence_Point_405,14.263204640181518,121.05852751466189,residential
Sample Residence_Point_406,14.264105541082419,121.05852751466189,residential
Sample Residence_Point_407,14.265006441983319,121.05852751466189,residential
Sample Residence_Point_408,14.26590734288422,121.05852751466189,residential
Sample Residence_Point_409,14.26680824378512,121.05852751466189,residential
Sample Residence_Point_410,14.26770914468602,121.05852751466189,residential
Sample Residence_Point_411,14.26861004558692,121.05852751466189,residential
Sample Residence_Point_412,14.26951094648782,121.05852751466189,residential
Sample Residence_Point_413,14.27041184738872,121.05852751466189,residential
Sample Residence_Point_414,14.27131274828962,121.05852751466189,residential
Sample Residence_Point_415,14.27221364919052,121.05852751466189,residential
Sample Residence_Point_416,14.273114550091421,121.05852751466189,residential
Sample Residence_Point_417,14.274015450992321,121.05852751466189,residential
Sample Residence_Point_418,14.274916351893221,121.05852751466189,residential
Sample Residence_Point_419,14.275817252794122,121.05852751466189,residential
Sample Residence_Point_420,14.276718153695022,121.05852751466189,residential
Sample Residence_Point_421,14.277619054595922,121.05852751466189,residential
Sample Residence_Point_422,14.278519955496822,121.05852751466189,residential
Sample Residence_Point_423,14.279420856397723,121.05852751466189,residential
Sample Residence_Point_424,14.280321757298623,121.05852751466189,residential
Sample Residence_Point_425,14.237979414956312,121.05942841556279,residential
Sample Residence_Point_426,14.238880315857212,121.05942841556279,residential
Sample Residence_Point_427,14.239781216758113,121.05942841556279,residential
Sample Residence_Point_428,14.240682117659013,121.05942841556279,residential
Sample Residence_Point_429,14.241583018559913,121.05942841556279,residential
Sample Residence_Point_430,14.242483919460813,121.05942841556279,residential
Sample Residence_Point_431,14.243384820361713,121.05942841556279,residential
Sample Residence_Point_432,14.244285721262614,121.05942841556279,residential
Sample Residence_Point_433,14.245186622163514,121.05942841556279,residential
Sample Residence_Point_434,14.246087523064414,121.05942841556279,residential
Sample Residence_Point_435,14.246988423965314,121.05942841556279,residential
Sample Residence_Point_436,14.247889324866215,121.05942841556279,residential
Sample Residence_Point_437,14.248790225767115,121.05942841556279,residential
Sample Residence_Point_438,14.249691126668015,121.05942841556279,residential
Sample Residence_Point_439,14.250592027568915,121.05942841556279,residential
Sample Residence_Point_440,14.251492928469816,121.05942841556279,residential
Sample Residence_Point_441,14.252393829370716,121.05942841556279,residential
Sample Residence_Point_442,14.253294730271616,121.05942841556279,residential
Sample Residence_Point_443,14.254195631172516,121.05942841556279,residential
Sample Residence_Point_444,14.255096532073416,121.05942841556279,residential
Sample Residence_Point_445,14.255997432974317,121.05942841556279,residential
Sample Residence_Point_446,14.256898333875217,121.05942841556279,residential
Sample Residence_Point_447,14.257799234776117,121.05942841556279,residential
Sample Residence_Point_448,14.258700135677017,121.05942841556279,residential
Sample Residence_Point_449,14.259601036577918,121.05942841556279,residential
Sample Residence_Point_450,14.260501937478818,121.05942841556279,residential
Sample Residence_Point_451,14.261402838379718,121.05942841556279,residential
Sample Residence_Point_452,14.262303739280618,121.05942841556279,residential
Sample Residence_Point_453,14.263204640181518,121.05942841556279,residential
Sample Residence_Point_454,14.264105541082419,121.05942841556279,residential
Sample Residence_Point_455,14.265006441983319,121.05942841556279,residential
Sample Residence_Point_456,14.26590734288422,121.05942841556279,residential
Sample Residence_Point_457,14.26680824378512,121.05942841556279,residential
Sample Residence_Point_458,14.26770914468602,121.05942841556279,residential
Sample Residence_Point_459,14.26861004558692,121.05942841556279,residential
Sample Residence_Point_460,14.26951094648782,121.05942841556279,residential
Sample Residence_Point_461,14.27041184738872,121.05942841556279,residential
Sample Residence_Point_462,14.27131274828962,121.05942841556279,residential
Sample Residence_Point_463,14.27221364919052,121.05942841556279,residential
Sample Residence_Point_464,14.273114550091421,121.05942841556279,residential
Sample Residence_Point_465,14.274015450992321,121.05942841556279,residential
Sample Residence_Point_466,14.274916351893221,121.05942841556279,residential
Sample Residence_Point_467,14.275817252794122,121.05942841556279,residential
Sample Residence_Point_468,14.276718153695022,121.05942841556279,residential
Sample Residence_Point_469,14.277619054595922,121.05942841556279,residential
Sample Residence_Point_470,14.278519955496822,121.05942841556279,residential
Sample Residence_Point_471,14.279420856397723,121.05942841556279,residential
Sample Residence_Point_472,14.280321757298623,121.05942841556279,residential
Sample Residence_Point_473,14.281222658199523,121.05942841556279,residential
Sample Residence_Point_474,14.238880315857212,121.0603293164637,residential
Sample Residence_Point_475,14.239781216758113,121.0603293164637,residential
Sample Residence_Point_476,14.240682117659013,121.0603293164637,residential
Sample Residence_Point_477,14.241583018559913,121.0603293164637,residential
Sample Residence_Point_478,14.242483919460813,121.0603293164637,residential
Sample Residence_Point_479,14.243384820361713,121.0603293164637,residential
Sample Residence_Point_480,14.244285721262614,121.0603293164637,residential
Sample Residence_Point_481,14.245186622163514,121.0603293164637,residential
Sample Residence_Point_482,14.246087523064414,121.0603293164637,residential
Sample Residence_Point_483,14.246988423965314,121.0603293164637,residential
Sample Residence_Point_484,14.247889324866215,121.0603293164637,residential
Sample Residence_Point_485,14.248790225767115,121.0603293164637,residential
Sample Residence_Point_486,14.249691126668015,121.0603293164637,residential
Sample Residence_Point_487,14.250592027568915,121.0603293164637,residential
Sample Residence_Point_488,14.251492928469816,121.0603293164637,residential
Sample Residence_Point_489,14.252393829370716,121.0603293164637,residential
Sample Residence_Point_490,14.253294730271616,121.0603293164637,residential
Sample Residence_Point_491,14.254195631172516,121.0603293164637,residential
Sample Residence_Point_492,14.255096532073416,121.0603293164637,residential
Sample Residence_Point_493,14.255997432974317,121.0603293164637,residential
Sample Residence_Point_494,14.256898333875217,121.0603293164637,residential
Sample Residence_Point_495,14.257799234776117,121.0603293164637,residential
Sample Residence_Point_496,14.258700135677017,121.0603293164637,residential
Sample Residence_Point_497,14.259601036577918,121.0603293164637,residential
Sample Residence_Point_498,14.260501937478818,121.0603293164637,residential
Sample Residence_Point_499,14.261402838379718,121.0603293164637,residential
Sample Residence_Point_500,14.262303739280618,121.0603293164637,residential
Sample Residence_Point_501,14.263204640181518,121.0603293164637,residential
Sample Residence_Point_502,14.264105541082419,121.0603293164637,residential
Sample Residence_Point_503,14.265006441983319,121.0603293164637,residential
Sample Residence_Point_504,14.26590734288422,121.0603293164637,residential
Sample Residence_Point_505,14.26680824378512,121.0603293164637,residential
Sample Residence_Point_506,14.26770914468602,121.0603293164637,residential
Sample Residence_Point_507,14.26861004558692,121.0603293164637,residential
Sample Residence_Point_508,14.26951094648782,121.0603293164637,residential
Sample Residence_Point_509,14.27041184738872,121.0603293164637,residential
Sample Residence_Point_510,14.27131274828962,121.0603293164637,residential
Sample Residence_Point_511,14.27221364919052,121.0603293164637,residential
Sample Residence_Point_512,14.273114550091421,121.0603293164637,residential
Sample Residence_Point_513,14.274015450992321,121.0603293164637,residential
Sample Residence_Point_514,14.274916351893221,121.0603293164637,residential
Sample Residence_Point_515,14.275817252794122,121.0603293164637,residential
Sample Residence_Point_516,14.276718153695022,121.0603293164637,residential
Sample Residence_Point_517,14.277619054595922,121.0603293164637,residential
Sample Residence_Point_518,14.278519955496822,121.0603293164637,residential
Sample Residence_Point_519,14.279420856397723,121.0603293164637,residential
Sample Residence_Point_520,14.280321757298623,121.0603293164637,residential
Sample Residence_Point_521,14.281222658199523,121.0603293164637,residential
Sample Residence_Point_522,14.282123559100423,121.0603293164637,residential
Sample Residence_Point_523,14.239781216758113,121.0612302173646,residential
Sample Residence_Point_524,14.240682117659013,121.0612302173646,residential
Sample Residence_Point_525,14.241583018559913,121.0612302173646,residential
Sample Residence_Point_526,14.242483919460813,121.0612302173646,residential
Sample Residence_Point_527,14.243384820361713,121.0612302173646,residential
Sample Residence_Point_528,14.244285721262614,121.0612302173646,residential
Sample Residence_Point_529,14.245186622163514,121.0612302173646,residential
Sample Residence_Point_530,14.246087523064414,121.0612302173646,residential
Sample Residence_Point_531,14.246988423965314,121.0612302173646,residential
Sample Residence_Point_532,14.247889324866215,121.0612302173646,residential
Sample Residence_Point_533,14.248790225767115,121.0612302173646,residential
Sample Residence_Point_534,14.249691126668015,121.0612302173646,residential
Sample Residence_Point_535,14.250592027568915,121.0612302173646,residential
Sample Residence_Point_536,14.251492928469816,121.0612302173646,residential
Sample Residence_Point_537,14.252393829370716,121.0612302173646,residential
Sample Residence_Point_538,14.253294730271616,121.0612302173646,residential
Sample Residence_Point_539,14.254195631172516,121.0612302173646,residential
Sample Residence_Point_540,14.255096532073416,121.0612302173646,residential
Sample Residence_Point_541,14.255997432974317,121.0612302173646,residential
Sample Residence_Point_542,14.256898333875217,121.0612302173646,residential
Sample Residence_Point_543,14.257799234776117,121.0612302173646,residential
Sample Residence_Point_544,14.258700135677017,121.0612302173646,residential
Sample Residence_Point_545,14.259601036577918,121.0612302173646,residential
Sample Residence_Point_546,14.260501937478818,121.0612302173646,residential
Sample Residence_Point_547,14.261402838379718,121.0612302173646,residential
Sample Residence_Point_548,14.262303739280618,121.0612302173646,residential
Sample Residence_Point_549,14.263204640181518,121.0612302173646,residential
Sample Residence_Point_550,14.264105541082419,121.0612302173646,residential
Sample Residence_Point_551,14.265006441983319,121.0612302173646,residential
Sample Residence_Point_552,14.26590734288422,121.0612302173646,residential
Sample Residence_Point_553,14.26680824378512,121.0612302173646,residential
Sample Residence_Point_554,14.26770914468602,121.0612302173646,residential
Sample Residence_Point_555,14.26861004558692,121.0612302173646,residential
Sample Residence_Point_556,14.26951094648782,121.0612302173646,residential
Sample Residence_Point_557,14.27041184738872,121.0612302173646,residential
Sample Residence_Point_558,14.27131274828962,121.0612302173646,residential
Sample Residence_Point_559,14.27221364919052,121.0612302173646,residential
Sample Residence_Point_560,14.273114550091421,121.0612302173646,residential
Sample Residence_Point_561,14.274015450992321,121.0612302173646,residential
Sample Residence_Point_562,14.274916351893221,121.0612302173646,residential
Sample Residence_Point_563,14.275817252794122,121.0612302173646,residential
Sample Residence_Point_564,14.276718153695022,121.0612302173646,residential
Sample Residence_Point_565,14.277619054595922,121.0612302173646,residential
Sample Residence_Point_566,14.278519955496822,121.0612302173646,residential
Sample Residence_Point_567,14.279420856397723,121.0612302173646,residential
Sample Residence_Point_568,14.280321757298623,121.0612302173646,residential
Sample Residence_Point_569,14.281222658199523,121.0612302173646,residential
Sample Residence_Point_570,14.282123559100423,121.0612302173646,residential
Sample Residence_Point_571,14.240682117659013,121.0621311182655,residential
Sample Residence_Point_572,14.241583018559913,121.0621311182655,residential
Sample Residence_Point_573,14.242483919460813,121.0621311182655,residential
Sample Residence_Point_574,14.243384820361713,121.0621311182655,residential
Sample Residence_Point_575,14.244285721262614,121.0621311182655,residential
Sample Residence_Point_576,14.245186622163514,121.0621311182655,residential
Sample Residence_Point_577,14.246087523064414,121.0621311182655,residential
Sample Residence_Point_578,14.246988423965314,121.0621311182655,residential
Sample Residence_Point_579,14.247889324866215,121.0621311182655,residential
Sample Residence_Point_580,14.248790225767115,121.0621311182655,residential
Sample Residence_Point_581,14.249691126668015,121.0621311182655,residential
Sample Residence_Point_582,14.250592027568915,121.0621311182655,residential
Sample Residence_Point_583,14.251492928469816,121.0621311182655,residential
Sample Residence_Point_584,14.252393829370716,121.0621311182655,residential
Sample Residence_Point_585,14.253294730271616,121.0621311182655,residential
Sample Residence_Point_586,14.254195631172516,121.0621311182655,residential
Sample Residence_Point_587,14.255096532073416,121.0621311182655,residential
Sample Residence_Point_588,14.255997432974317,121.0621311182655,residential
Sample Residence_Point_589,14.256898333875217,121.0621311182655,residential
Sample Residence_Point_590,14.257799234776117,121.0621311182655,residential
Sample Residence_Point_591,14.258700135677017,121.0621311182655,residential
Sample Residence_Point_592,14.259601036577918,121.0621311182655,residential
Sample Residence_Point_593,14.260501937478818,121.0621311182655,residential
Sample Residence_Point_594,14.261402838379718,121.0621311182655,residential
Sample Residence_Point_595,14.262303739280618,121.0621311182655,residential
Sample Residence_Point_596,14.263204640181518,121.0621311182655,residential
Sample Residence_Point_597,14.264105541082419,121.0621311182655,residential
Sample Residence_Point_598,14.265006441983319,121.0621311182655,residential
Sample Residence_Point_599,14.26590734288422,121.0621311182655,residential
Sample Residence_Point_600,14.26680824378512,121.0621311182655,residential
Sample Residence_Point_601,14.26770914468602,121.0621311182655,residential
Sample Residence_Point_602,14.26861004558692,121.0621311182655,residential
Sample Residence_Point_603,14.26951094648782,121.0621311182655,residential
Sample Residence_Point_604,14.27041184738872,121.0621311182655,residential
Sample Residence_Point_605,14.27131274828962,121.0621311182655,residential
Sample Residence_Point_606,14.27221364919052,121.0621311182655,residential
Sample Residence_Point_607,14.273114550091421,121.0621311182655,residential
Sample Residence_Point_608,14.274015450992321,121.0621311182655,residential
Sample Residence_Point_609,14.274916351893221,121.0621311182655,residential
Sample Residence_Point_610,14.275817252794122,121.0621311182655,residential
Sample Residence_Point_611,14.276718153695022,121.0621311182655,residential
Sample Residence_Point_612,14.277619054595922,121.0621311182655,residential
Sample Residence_Point_613,14.278519955496822,121.0621311182655,residential
Sample Residence_Point_614,14.279420856397723,121.0621311182655,residential
Sample Residence_Point_615,14.280321757298623,121.0621311182655,residential
Sample Residence_Point_616,14.281222658199523,121.0621311182655,residential
Sample Residence_Point_617,14.282123559100423,121.0621311182655,residential
Sample Residence_Point_618,14.283024460001323,121.0621311182655,residential
Sample Residence_Point_619,14.241583018559913,121.0630320191664,residential
Sample Residence_Point_620,14.242483919460813,121.0630320191664,residential
Sample Residence_Point_621,14.243384820361713,121.0630320191664,residential
Sample Residence_Point_622,14.244285721262614,121.0630320191664,residential
Sample Residence_Point_623,14.245186622163514,121.0630320191664,residential
Sample Residence_Point_624,14.246087523064414,121.0630320191664,residential
Sample Residence_Point_625,14.246988423965314,121.0630320191664,residential
Sample Residence_Point_626,14.247889324866215,121.0630320191664,residential
Sample Residence_Point_627,14.248790225767115,121.0630320191664,residential
Sample Residence_Point_628,14.249691126668015,121.0630320191664,residential
Sample Residence_Point_629,14.250592027568915,121.0630320191664,residential
Sample Residence_Point_630,14.251492928469816,121.0630320191664,residential
Sample Residence_Point_631,14.252393829370716,121.0630320191664,residential
Sample Residence_Point_632,14.253294730271616,121.0630320191664,residential
Sample Residence_Point_633,14.254195631172516,121.0630320191664,residential
Sample Residence_Point_634,14.255096532073416,121.0630320191664,residential
Sample Residence_Point_635,14.255997432974317,121.0630320191664,residential
Sample Residence_Point_636,14.256898333875217,121.0630320191664,residential
Sample Residence_Point_637,14.257799234776117,121.0630320191664,residential
Sample Residence_Point_638,14.258700135677017,121.0630320191664,residential
Sample Residence_Point_639,14.259601036577918,121.0630320191664,residential
Sample Residence_Point_640,14.260501937478818,121.0630320191664,residential
Sample Residence_Point_641,14.261402838379718,121.0630320191664,residential
Sample Residence_Point_642,14.262303739280618,121.0630320191664,residential
Sample Residence_Point_643,14.263204640181518,121.0630320191664,residential
Sample Residence_Point_644,14.264105541082419,121.0630320191664,residential
Sample Residence_Point_645,14.265006441983319,121.0630320191664,residential
Sample Residence_Point_646,14.26590734288422,121.0630320191664,residential
Sample Residence_Point_647,14.26680824378512,121.0630320191664,residential
Sample Residence_Point_648,14.26770914468602,121.0630320191664,residential
Sample Residence_Point_649,14.26861004558692,121.0630320191664,residential
Sample Residence_Point_650,14.26951094648782,121.0630320191664,residential
Sample Residence_Point_651,14.27041184738872,121.0630320191664,residential
Sample Residence_Point_652,14.27131274828962,121.0630320191664,residential
Sample Residence_Point_653,14.27221364919052,121.0630320191664,residential
Sample Residence_Point_654,14.273114550091421,121.0630320191664,residential
Sample Residence_Point_655,14.274015450992321,121.0630320191664,residential
Sample Residence_Point_656,14.274916351893221,121.0630320191664,residential
Sample Residence_Point_657,14.275817252794122,121.0630320191664,residential
Sample Residence_Point_658,14.276718153695022,121.0630320191664,residential
Sample Residence_Point_659,14.277619054595922,121.0630320191664,residential
Sample Residence_Point_660,14.278519955496822,121.0630320191664,residential
Sample Residence_Point_661,14.279420856397723,121.0630320191664,residential
Sample Residence_Point_662,14.280321757298623,121.0630320191664,residential
Sample Residence_Point_663,14.281222658199523,121.0630320191664,residential
Sample Residence_Point_664,14.282123559100423,121.0630320191664,residential
Sample Residence_Point_665,14.283024460001323,121.0630320191664,residential
Sample Residence_Point_666,14.283925360902224,121.0630320191664,residential
Sample Residence_Point_667,14.243384820361713,121.0639329200673,residential
Sample Residence_Point_668,14.244285721262614,121.0639329200673,residential
Sample Residence_Point_669,14.245186622163514,121.0639329200673,residential
Sample Residence_Point_670,14.246087523064414,121.0639329200673,residential
Sample Residence_Point_671,14.246988423965314,121.0639329200673,residential
Sample Residence_Point_672,14.247889324866215,121.0639329200673,residential
Sample Residence_Point_673,14.248790225767115,121.0639329200673,residential
Sample Residence_Point_674,14.249691126668015,121.0639329200673,residential
Sample Residence_Point_675,14.250592027568915,121.0639329200673,residential
Sample Residence_Point_676,14.251492928469816,121.0639329200673,residential
Sample Residence_Point_677,14.252393829370716,121.0639329200673,residential
Sample Residence_Point_678,14.253294730271616,121.0639329200673,residential
Sample Residence_Point_679,14.254195631172516,121.0639329200673,residential
Sample Residence_Point_680,14.255096532073416,121.0639329200673,residential
Sample Residence_Point_681,14.255997432974317,121.0639329200673,residential
Sample Residence_Point_682,14.256898333875217,121.0639329200673,residential
Sample Residence_Point_683,14.257799234776117,121.0639329200673,residential
Sample Residence_Point_684,14.258700135677017,121.0639329200673,residential
Sample Residence_Point_685,14.259601036577918,121.0639329200673,residential
Sample Residence_Point_686,14.260501937478818,121.0639329200673,residential
Sample Residence_Point_687,14.261402838379718,121.0639329200673,residential
Sample Residence_Point_688,14.262303739280618,121.0639329200673,residential
Sample Residence_Point_689,14.263204640181518,121.0639329200673,residential
Sample Residence_Point_690,14.264105541082419,121.0639329200673,residential
Sample Residence_Point_691,14.265006441983319,121.0639329200673,residential
Sample Residence_Point_692,14.26590734288422,121.0639329200673,residential
Sample Residence_Point_693,14.26680824378512,121.0639329200673,residential
Sample Residence_Point_694,14.26770914468602,121.0639329200673,residential
Sample Residence_Point_695,14.26861004558692,121.0639329200673,residential
Sample Residence_Point_696,14.26951094648782,121.0639329200673,residential
Sample Residence_Point_697,14.27041184738872,121.0639329200673,residential
Sample Residence_Point_698,14.27131274828962,121.0639329200673,residential
Sample Residence_Point_699,14.27221364919052,121.0639329200673,residential
Sample Residence_Point_700,14.273114550091421,121.0639329200673,residential
Sample Residence_Point_701,14.274015450992321,121.0639329200673,residential
Sample Residence_Point_702,14.274916351893221,121.0639329200673,residential
Sample Residence_Point_703,14.275817252794122,121.0639329200673,residential
Sample Residence_Point_704,14.276718153695022,121.0639329200673,residential
Sample Residence_Point_705,14.277619054595922,121.0639329200673,residential
Sample Residence_Point_706,14.278519955496822,121.0639329200673,residential
Sample Residence_Point_707,14.279420856397723,121.0639329200673,residential
Sample Residence_Point_708,14.280321757298623,121.0639329200673,residential
Sample Residence_Point_709,14.281222658199523,121.0639329200673,residential
Sample Residence_Point_710,14.282123559100423,121.0639329200673,residential
Sample Residence_Point_711,14.283024460001323,121.0639329200673,residential
Sample Residence_Point_712,14.283925360902224,121.0639329200673,residential
Sample Residence_Point_713,14.284826261803124,121.0639329200673,residential
Sample Residence_Point_714,14.244285721262614,121.0648338209682,residential
Sample Residence_Point_715,14.245186622163514,121.0648338209682,residential
Sample Residence_Point_716,14.246087523064414,121.0648338209682,residential
Sample Residence_Point_717,14.246988423965314,121.0648338209682,residential
Sample Residence_Point_718,14.247889324866215,121.0648338209682,residential
Sample Residence_Point_719,14.248790225767115,121.0648338209682,residential
Sample Residence_Point_720,14.249691126668015,121.0648338209682,residential
Sample Residence_Point_721,14.250592027568915,121.0648338209682,residential
Sample Residence_Point_722,14.251492928469816,121.0648338209682,residential
Sample Residence_Point_723,14.252393829370716,121.0648338209682,residential
Sample Residence_Point_724,14.253294730271616,121.0648338209682,residential
Sample Residence_Point_725,14.254195631172516,121.0648338209682,residential
Sample Residence_Point_726,14.255096532073416,121.0648338209682,residential
Sample Residence_Point_727,14.255997432974317,121.0648338209682,residential
Sample Residence_Point_728,14.256898333875217,121.0648338209682,residential
Sample Residence_Point_729,14.257799234776117,121.0648338209682,residential
Sample Residence_Point_730,14.258700135677017,121.0648338209682,residential
Sample Residence_Point_731,14.259601036577918,121.0648338209682,residential
Sample Residence_Point_732,14.260501937478818,121.0648338209682,residential
Sample Residence_Point_733,14.261402838379718,121.0648338209682,residential
Sample Residence_Point_734,14.262303739280618,121.0648338209682,residential
Sample Residence_Point_735,14.263204640181518,121.0648338209682,residential
Sample Residence_Point_736,14.264105541082419,121.0648338209682,residential
Sample Residence_Point_737,14.265006441983319,121.0648338209682,residential
Sample Residence_Point_738,14.26590734288422,121.0648338209682,residential
Sample Residence_Point_739,14.26680824378512,121.0648338209682,residential
Sample Residence_Point_740,14.26770914468602,121.0648338209682,residential
Sample Residence_Point_741,14.26861004558692,121.0648338209682,residential
Sample Residence_Point_742,14.26951094648782,121.0648338209682,residential
Sample Residence_Point_743,14.27041184738872,121.0648338209682,residential
Sample Residence_Point_744,14.27131274828962,121.0648338209682,residential
Sample Residence_Point_745,14.27221364919052,121.0648338209682,residential
Sample Residence_Point_746,14.273114550091421,121.0648338209682,residential
Sample Residence_Point_747,14.274015450992321,121.0648338209682,residential
Sample Residence_Point_748,14.274916351893221,121.0648338209682,residential
Sample Residence_Point_749,14.275817252794122,121.0648338209682,residential
Sample Residence_Point_750,14.276718153695022,121.0648338209682,residential
Sample Residence_Point_751,14.277619054595922,121.0648338209682,residential
Sample Residence_Point_752,14.278519955496822,121.0648338209682,residential
Sample Residence_Point_753,14.279420856397723,121.0648338209682,residential
Sample Residence_Point_754,14.280321757298623,121.0648338209682,residential
Sample Residence_Point_755,14.281222658199523,121.0648338209682,residential
Sample Residence_Point_756,14.282123559100423,121.0648338209682,residential
Sample Residence_Point_757,14.283024460001323,121.0648338209682,residential
Sample Residence_Point_758,14.283925360902224,121.0648338209682,residential
Sample Residence_Point_759,14.284826261803124,121.0648338209682,residential
Sample Residence_Point_760,14.245186622163514,121.0657347218691,residential
Sample Residence_Point_761,14.246087523064414,121.0657347218691,residential
Sample Residence_Point_762,14.246988423965314,121.0657347218691,residential
Sample Residence_Point_763,14.247889324866215,121.0657347218691,residential
Sample Residence_Point_764,14.248790225767115,121.0657347218691,residential
Sample Residence_Point_765,14.249691126668015,121.0657347218691,residential
Sample Residence_Point_766,14.250592027568915,121.0657347218691,residential
Sample Residence_Point_767,14.251492928469816,121.0657347218691,residential
Sample Residence_Point_768,14.252393829370716,121.0657347218691,residential
Sample Residence_Point_769,14.253294730271616,121.0657347218691,residential
Sample Residence_Point_770,14.254195631172516,121.0657347218691,residential
Sample Residence_Point_771,14.255096532073416,121.0657347218691,residential
Sample Residence_Point_772,14.255997432974317,121.0657347218691,residential
Sample Residence_Point_773,14.256898333875217,121.0657347218691,residential
Sample Residence_Point_774,14.257799234776117,121.0657347218691,residential
Sample Residence_Point_775,14.258700135677017,121.0657347218691,residential
Sample Residence_Point_776,14.259601036577918,121.0657347218691,residential
Sample Residence_Point_777,14.260501937478818,121.0657347218691,residential
Sample Residence_Point_778,14.261402838379718,121.0657347218691,residential
Sample Residence_Point_779,14.262303739280618,121.0657347218691,residential
Sample Residence_Point_780,14.263204640181518,121.0657347218691,residential
Sample Residence_Point_781,14.264105541082419,121.0657347218691,residential
Sample Residence_Point_782,14.265006441983319,121.0657347218691,residential
Sample Residence_Point_783,14.26590734288422,121.0657347218691,residential
Sample Residence_Point_784,14.26680824378512,121.0657347218691,residential
Sample Residence_Point_785,14.26770914468602,121.0657347218691,residential
Sample Residence_Point_786,14.26861004558692,121.0657347218691,residential
Sample Residence_Point_787,14.26951094648782,121.0657347218691,residential
Sample Residence_Point_788,14.27041184738872,121.0657347218691,residential
Sample Residence_Point_789,14.27131274828962,121.0657347218691,residential
Sample Residence_Point_790,14.27221364919052,121.0657347218691,residential
Sample Residence_Point_791,14.273114550091421,121.0657347218691,residential
Sample Residence_Point_792,14.274015450992321,121.0657347218691,residential
Sample Residence_Point_793,14.274916351893221,121.0657347218691,residential
Sample Residence_Point_794,14.275817252794122,121.0657347218691,residential
Sample Residence_Point_795,14.276718153695022,121.0657347218691,residential
Sample Residence_Point_796,14.277619054595922,121.0657347218691,residential
Sample Residence_Point_797,14.278519955496822,121.0657347218691,residential
Sample Residence_Point_798,14.279420856397723,121.0657347218691,residential
Sample Residence_Point_799,14.280321757298623,121.0657347218691,residential
Sample Residence_Point_800,14.281222658199523,121.0657347218691,residential
Sample Residence_Point_801,14.282123559100423,121.0657347218691,residential
Sample Residence_Point_802,14.283024460001323,121.0657347218691,residential
Sample Residence_Point_803,14.283925360902224,121.0657347218691,residential
Sample Residence_Point_804,14.284826261803124,121.0657347218691,residential
Sample Residence_Point_805,14.285727162704024,121.0657347218691,residential
Sample Residence_Point_806,14.246087523064414,121.06663562277001,residential
Sample Residence_Point_807,14.246988423965314,121.06663562277001,residential
Sample Residence_Point_808,14.247889324866215,121.06663562277001,residential
Sample Residence_Point_809,14.248790225767115,121.06663562277001,residential
Sample Residence_Point_810,14.249691126668015,121.06663562277001,residential
Sample Residence_Point_811,14.250592027568915,121.06663562277001,residential
Sample Residence_Point_812,14.251492928469816,121.06663562277001,residential
Sample Residence_Point_813,14.252393829370716,121.06663562277001,residential
Sample Residence_Point_814,14.253294730271616,121.06663562277001,residential
Sample Residence_Point_815,14.254195631172516,121.06663562277001,residential
Sample Residence_Point_816,14.255096532073416,121.06663562277001,residential
Sample Residence_Point_817,14.255997432974317,121.06663562277001,residential
Sample Residence_Point_818,14.256898333875217,121.06663562277001,residential
Sample Residence_Point_819,14.257799234776117,121.06663562277001,residential
Sample Residence_Point_820,14.258700135677017,121.06663562277001,residential
Sample Residence_Point_821,14.259601036577918,121.06663562277001,residential
Sample Residence_Point_822,14.260501937478818,121.06663562277001,residential
Sample Residence_Point_823,14.261402838379718,121.06663562277001,residential
Sample Residence_Point_824,14.262303739280618,121.06663562277001,residential
Sample Residence_Point_825,14.263204640181518,121.06663562277001,residential
Sample Residence_Point_826,14.264105541082419,121.06663562277001,residential
Sample Residence_Point_827,14.265006441983319,121.06663562277001,residential
Sample Residence_Point_828,14.26590734288422,121.06663562277001,residential
Sample Residence_Point_829,14.26680824378512,121.06663562277001,residential
Sample Residence_Point_830,14.26770914468602,121.06663562277001,residential
Sample Residence_Point_831,14.26861004558692,121.06663562277001,residential
Sample Residence_Point_832,14.26951094648782,121.06663562277001,residential
Sample Residence_Point_833,14.27041184738872,121.06663562277001,residential
Sample Residence_Point_834,14.27131274828962,121.06663562277001,residential
Sample Residence_Point_835,14.27221364919052,121.06663562277001,residential
Sample Residence_Point_836,14.273114550091421,121.06663562277001,residential
Sample Residence_Point_837,14.274015450992321,121.06663562277001,residential
Sample Residence_Point_838,14.274916351893221,121.06663562277001,residential
Sample Residence_Point_839,14.275817252794122,121.06663562277001,residential
Sample Residence_Point_840,14.276718153695022,121.06663562277001,residential
Sample Residence_Point_841,14.277619054595922,121.06663562277001,residential
Sample Residence_Point_842,14.278519955496822,121.06663562277001,residential
Sample Residence_Point_843,14.279420856397723,121.06663562277001,residential
Sample Residence_Point_844,14.280321757298623,121.06663562277001,residential
Sample Residence_Point_845,14.281222658199523,121.06663562277001,residential
Sample Residence_Point_846,14.282123559100423,121.06663562277001,residential
Sample Residence_Point_847,14.283024460001323,121.06663562277001,residential
Sample Residence_Point_848,14.283925360902224,121.06663562277001,residential
Sample Residence_Point_849,14.284826261803124,121.06663562277001,residential
Sample Residence_Point_850,14.285727162704024,121.06663562277001,residential
Sample Residence_Point_851,14.286628063604924,121.06663562277001,residential
Sample Residence_Point_852,14.246988423965314,121.06753652367091,residential
Sample Residence_Point_853,14.247889324866215,121.06753652367091,residential
Sample Residence_Point_854,14.248790225767115,121.06753652367091,residential
Sample Residence_Point_855,14.249691126668015,121.06753652367091,residential
Sample Residence_Point_856,14.250592027568915,121.06753652367091,residential
Sample Residence_Point_857,14.251492928469816,121.06753652367091,residential
Sample Residence_Point_858,14.252393829370716,121.06753652367091,residential
Sample Residence_Point_859,14.253294730271616,121.06753652367091,residential
Sample Residence_Point_860,14.254195631172516,121.06753652367091,residential
Sample Residence_Point_861,14.255096532073416,121.06753652367091,residential
Sample Residence_Point_862,14.255997432974317,121.06753652367091,residential
Sample Residence_Point_863,14.256898333875217,121.06753652367091,residential
Sample Residence_Point_864,14.257799234776117,121.06753652367091,residential
Sample Residence_Point_865,14.258700135677017,121.06753652367091,residential
Sample Residence_Point_866,14.259601036577918,121.06753652367091,residential
Sample Residence_Point_867,14.260501937478818,121.06753652367091,residential
Sample Residence_Point_868,14.261402838379718,121.06753652367091,residential
Sample Residence_Point_869,14.262303739280618,121.06753652367091,residential
Sample Residence_Point_870,14.263204640181518,121.06753652367091,residential
Sample Residence_Point_871,14.264105541082419,121.06753652367091,residential
Sample Residence_Point_872,14.265006441983319,121.06753652367091,residential
Sample Residence_Point_873,14.26590734288422,121.06753652367091,residential
Sample Residence_Point_874,14.26680824378512,121.06753652367091,residential
Sample Residence_Point_875,14.26770914468602,121.06753652367091,residential
Sample Residence_Point_876,14.26861004558692,121.06753652367091,residential
Sample Residence_Point_877,14.26951094648782,121.06753652367091,residential
Sample Residence_Point_878,14.27041184738872,121.06753652367091,residential
Sample Residence_Point_879,14.27131274828962,121.06753652367091,residential
Sample Residence_Point_880,14.27221364919052,121.06753652367091,residential
Sample Residence_Point_881,14.273114550091421,121.06753652367091,residential
Sample Residence_Point_882,14.274015450992321,121.06753652367091,residential
Sample Residence_Point_883,14.274916351893221,121.06753652367091,residential
Sample Residence_Point_884,14.275817252794122,121.06753652367091,residential
Sample Residence_Point_885,14.276718153695022,121.06753652367091,residential
Sample Residence_Point_886,14.277619054595922,121.06753652367091,residential
Sample Residence_Point_887,14.278519955496822,121.06753652367091,residential
Sample Residence_Point_888,14.279420856397723,121.06753652367091,residential
Sample Residence_Point_889,14.280321757298623,121.06753652367091,residential
Sample Residence_Point_890,14.281222658199523,121.06753652367091,residential
Sample Residence_Point_891,14.282123559100423,121.06753652367091,residential
Sample Residence_Point_892,14.283024460001323,121.06753652367091,residential
Sample Residence_Point_893,14.283925360902224,121.06753652367091,residential
Sample Residence_Point_894,14.284826261803124,121.06753652367091,residential
Sample Residence_Point_895,14.285727162704024,121.06753652367091,residential
Sample Residence_Point_896,14.286628063604924,121.06753652367091,residential
Sample Residence_Point_897,14.287528964505825,121.06753652367091,residential
Sample Residence_Point_898,14.247889324866215,121.06843742457181,residential
Sample Residence_Point_899,14.248790225767115,121.06843742457181,residential
Sample Residence_Point_900,14.249691126668015,121.06843742457181,residential
Sample Residence_Point_901,14.250592027568915,121.06843742457181,residential
Sample Residence_Point_902,14.251492928469816,121.06843742457181,residential
Sample Residence_Point_903,14.252393829370716,121.06843742457181,residential
Sample Residence_Point_904,14.253294730271616,121.06843742457181,residential
Sample Residence_Point_905,14.254195631172516,121.06843742457181,residential
Sample Residence_Point_906,14.255096532073416,121.06843742457181,residential
Sample Residence_Point_907,14.255997432974317,121.06843742457181,residential
Sample Residence_Point_908,14.256898333875217,121.06843742457181,residential
Sample Residence_Point_909,14.257799234776117,121.06843742457181,residential
Sample Residence_Point_910,14.258700135677017,121.06843742457181,residential
Sample Residence_Point_911,14.259601036577918,121.06843742457181,residential
Sample Residence_Point_912,14.260501937478818,121.06843742457181,residential
Sample Residence_Point_913,14.261402838379718,121.06843742457181,residential
Sample Residence_Point_914,14.262303739280618,121.06843742457181,residential
Sample Residence_Point_915,14.263204640181518,121.06843742457181,residential
Sample Residence_Point_916,14.264105541082419,121.06843742457181,residential
Sample Residence_Point_917,14.265006441983319,121.06843742457181,residential
Sample Residence_Point_918,14.26590734288422,121.06843742457181,residential
Sample Residence_Point_919,14.26680824378512,121.06843742457181,residential
Sample Residence_Point_920,14.26770914468602,121.06843742457181,residential
Sample Residence_Point_921,14.26861004558692,121.06843742457181,residential
Sample Residence_Point_922,14.26951094648782,121.06843742457181,residential
Sample Residence_Point_923,14.27041184738872,121.06843742457181,residential
Sample Residence_Point_924,14.27131274828962,121.06843742457181,residential
Sample Residence_Point_925,14.27221364919052,121.06843742457181,residential
Sample Residence_Point_926,14.273114550091421,121.06843742457181,residential
Sample Residence_Point_927,14.274015450992321,121.06843742457181,residential
Sample Residence_Point_928,14.274916351893221,121.06843742457181,residential
Sample Residence_Point_929,14.275817252794122,121.06843742457181,residential
Sample Residence_Point_930,14.276718153695022,121.06843742457181,residential
Sample Residence_Point_931,14.277619054595922,121.06843742457181,residential
Sample Residence_Point_932,14.278519955496822,121.06843742457181,residential
Sample Residence_Point_933,14.279420856397723,121.06843742457181,residential
Sample Residence_Point_934,14.280321757298623,121.06843742457181,residential
Sample Residence_Point_935,14.281222658199523,121.06843742457181,residential
Sample Residence_Point_936,14.282123559100423,121.06843742457181,residential
Sample Residence_Point_937,14.283024460001323,121.06843742457181,residential
Sample Residence_Point_938,14.283925360902224,121.06843742457181,residential
Sample Residence_Point_939,14.284826261803124,121.06843742457181,residential
Sample Residence_Point_940,14.285727162704024,121.06843742457181,residential
Sample Residence_Point_941,14.286628063604924,121.06843742457181,residential
Sample Residence_Point_942,14.287528964505825,121.06843742457181,residential
Sample Residence_Point_943,14.248790225767115,121.06933832547271,residential
Sample Residence_Point_944,14.249691126668015,121.06933832547271,residential
Sample Residence_Point_945,14.250592027568915,121.06933832547271,residential
Sample Residence_Point_946,14.251492928469816,121.06933832547271,residential
Sample Residence_Point_947,14.252393829370716,121.06933832547271,residential
Sample Residence_Point_948,14.253294730271616,121.06933832547271,residential
Sample Residence_Point_949,14.254195631172516,121.06933832547271,residential
Sample Residence_Point_950,14.255096532073416,121.06933832547271,residential
Sample Residence_Point_951,14.255997432974317,121.06933832547271,residential
Sample Residence_Point_952,14.256898333875217,121.06933832547271,residential
Sample Residence_Point_953,14.257799234776117,121.06933832547271,residential
Sample Residence_Point_954,14.258700135677017,121.06933832547271,residential
Sample Residence_Point_955,14.259601036577918,121.06933832547271,residential
Sample Residence_Point_956,14.260501937478818,121.06933832547271,residential
Sample Residence_Point_957,14.261402838379718,121.06933832547271,residential
Sample Residence_Point_958,14.262303739280618,121.06933832547271,residential
Sample Residence_Point_959,14.263204640181518,121.06933832547271,residential
Sample Residence_Point_960,14.264105541082419,121.06933832547271,residential
Sample Residence_Point_961,14.265006441983319,121.06933832547271,residential
Sample Residence_Point_962,14.26590734288422,121.06933832547271,residential
Sample Residence_Point_963,14.26680824378512,121.06933832547271,residential
Sample Residence_Point_964,14.26770914468602,121.06933832547271,residential
Sample Residence_Point_965,14.26861004558692,121.06933832547271,residential
Sample Residence_Point_966,14.26951094648782,121.06933832547271,residential
Sample Residence_Point_967,14.27041184738872,121.06933832547271,residential
Sample Residence_Point_968,14.27131274828962,121.06933832547271,residential
Sample Residence_Point_969,14.27221364919052,121.06933832547271,residential
Sample Residence_Point_970,14.273114550091421,121.06933832547271,residential
Sample Residence_Point_971,14.274015450992321,121.06933832547271,residential
Sample Residence_Point_972,14.274916351893221,121.06933832547271,residential
Sample Residence_Point_973,14.275817252794122,121.06933832547271,residential
Sample Residence_Point_974,14.276718153695022,121.06933832547271,residential
Sample Residence_Point_975,14.277619054595922,121.06933832547271,residential
Sample Residence_Point_976,14.278519955496822,121.06933832547271,residential
Sample Residence_Point_977,14.279420856397723,121.06933832547271,residential
Sample Residence_Point_978,14.280321757298623,121.06933832547271,residential
Sample Residence_Point_979,14.281222658199523,121.06933832547271,residential
Sample Residence_Point_980,14.282123559100423,121.06933832547271,residential
Sample Residence_Point_981,14.283024460001323,121.06933832547271,residential
Sample Residence_Point_982,14.283925360902224,121.06933832547271,residential
Sample Residence_Point_983,14.284826261803124,121.06933832547271,residential
Sample Residence_Point_984,14.285727162704024,121.06933832547271,residential
Sample Residence_Point_985,14.286628063604924,121.06933832547271,residential
Sample Residence_Point_986,14.287528964505825,121.06933832547271,residential
Sample Residence_Point_987,14.288429865406725,121.06933832547271,residential
Sample Residence_Point_988,14.249691126668015,121.07023922637362,residential
Sample Residence_Point_989,14.250592027568915,121.07023922637362,residential
Sample Residence_Point_990,14.251492928469816,121.07023922637362,residential
Sample Residence_Point_991,14.252393829370716,121.07023922637362,residential
Sample Residence_Point_992,14.253294730271616,121.07023922637362,residential
Sample Residence_Point_993,14.254195631172516,121.07023922637362,residential
Sample Residence_Point_994,14.255096532073416,121.07023922637362,residential
Sample Residence_Point_995,14.255997432974317,121.07023922637362,residential
Sample Residence_Point_996,14.256898333875217,121.07023922637362,residential
Sample Residence_Point_997,14.257799234776117,121.07023922637362,residential
Sample Residence_Point_998,14.258700135677017,121.07023922637362,residential
Sample Residence_Point_999,14.259601036577918,121.07023922637362,residential
Sample Residence_Point_1000,14.260501937478818,121.07023922637362,residential
Sample Residence_Point_1001,14.261402838379718,121.07023922637362,residential
Sample Residence_Point_1002,14.262303739280618,121.07023922637362,residential
Sample Residence_Point_1003,14.263204640181518,121.07023922637362,residential
Sample Residence_Point_1004,14.264105541082419,121.07023922637362,residential
Sample Residence_Point_1005,14.265006441983319,121.07023922637362,residential
Sample Residence_Point_1006,14.26590734288422,121.07023922637362,residential
Sample Residence_Point_1007,14.26680824378512,121.07023922637362,residential
Sample Residence_Point_1008,14.26770914468602,121.07023922637362,residential
Sample Residence_Point_1009,14.26861004558692,121.07023922637362,residential
Sample Residence_Point_1010,14.26951094648782,121.07023922637362,residential
Sample Residence_Point_1011,14.27041184738872,121.07023922637362,residential
Sample Residence_Point_1012,14.27131274828962,121.07023922637362,residential
Sample Residence_Point_1013,14.27221364919052,121.07023922637362,residential
Sample Residence_Point_1014,14.273114550091421,121.07023922637362,residential
Sample Residence_Point_1015,14.274015450992321,121.07023922637362,residential
Sample Residence_Point_1016,14.274916351893221,121.07023922637362,residential
Sample Residence_Point_1017,14.275817252794122,121.07023922637362,residential
Sample Residence_Point_1018,14.276718153695022,121.07023922637362,residential
Sample Residence_Point_1019,14.277619054595922,121.07023922637362,residential
Sample Residence_Point_1020,14.278519955496822,121.07023922637362,residential
Sample Residence_Point_1021,14.279420856397723,121.07023922637362,residential
Sample Residence_Point_1022,14.280321757298623,121.07023922637362,residential
Sample Residence_Point_1023,14.281222658199523,121.07023922637362,residential
Sample Residence_Point_1024,14.282123559100423,121.07023922637362,residential
Sample Residence_Point_1025,14.283024460001323,121.07023922637362,residential
Sample Residence_Point_1026,14.283925360902224,121.07023922637362,residential
Sample Residence_Point_1027,14.284826261803124,121.07023922637362,residential
Sample Residence_Point_1028,14.285727162704024,121.07023922637362,residential
Sample Residence_Point_1029,14.286628063604924,121.07023922637362,residential
Sample Residence_Point_1030,14.287528964505825,121.07023922637362,residential
Sample Residence_Point_1031,14.288429865406725,121.07023922637362,residential
Sample Residence_Point_1032,14.289330766307625,121.07023922637362,residential
Sample Residence_Point_1033,14.250592027568915,121.07114012727452,residential
Sample Residence_Point_1034,14.251492928469816,121.07114012727452,residential
Sample Residence_Point_1035,14.252393829370716,121.07114012727452,residential
Sample Residence_Point_1036,14.253294730271616,121.07114012727452,residential
Sample Residence_Point_1037,14.254195631172516,121.07114012727452,residential
Sample Residence_Point_1038,14.255096532073416,121.07114012727452,residential
Sample Residence_Point_1039,14.255997432974317,121.07114012727452,residential
Sample Residence_Point_1040,14.256898333875217,121.07114012727452,residential
Sample Residence_Point_1041,14.257799234776117,121.07114012727452,residential
Sample Residence_Point_1042,14.258700135677017,121.07114012727452,residential
Sample Residence_Point_1043,14.259601036577918,121.07114012727452,residential
Sample Residence_Point_1044,14.260501937478818,121.07114012727452,residential
Sample Residence_Point_1045,14.261402838379718,121.07114012727452,residential
Sample Residence_Point_1046,14.262303739280618,121.07114012727452,residential
Sample Residence_Point_1047,14.263204640181518,121.07114012727452,residential
Sample Residence_Point_1048,14.264105541082419,121.07114012727452,residential
Sample Residence_Point_1049,14.265006441983319,121.07114012727452,residential
Sample Residence_Point_1050,14.26590734288422,121.07114012727452,residential
Sample Residence_Point_1051,14.26680824378512,121.07114012727452,residential
Sample Residence_Point_1052,14.26770914468602,121.07114012727452,residential
Sample Residence_Point_1053,14.26861004558692,121.07114012727452,residential
Sample Residence_Point_1054,14.26951094648782,121.07114012727452,residential
Sample Residence_Point_1055,14.27041184738872,121.07114012727452,residential
Sample Residence_Point_1056,14.27131274828962,121.07114012727452,residential
Sample Residence_Point_1057,14.27221364919052,121.07114012727452,residential
Sample Residence_Point_1058,14.273114550091421,121.07114012727452,residential
Sample Residence_Point_1059,14.274015450992321,121.07114012727452,residential
Sample Residence_Point_1060,14.274916351893221,121.07114012727452,residential
Sample Residence_Point_1061,14.275817252794122,121.07114012727452,residential
Sample Residence_Point_1062,14.276718153695022,121.07114012727452,residential
Sample Residence_Point_1063,14.277619054595922,121.07114012727452,residential
Sample Residence_Point_1064,14.278519955496822,121.07114012727452,residential
Sample Residence_Point_1065,14.279420856397723,121.07114012727452,residential
Sample Residence_Point_1066,14.280321757298623,121.07114012727452,residential
Sample Residence_Point_1067,14.281222658199523,121.07114012727452,residential
Sample Residence_Point_1068,14.282123559100423,121.07114012727452,residential
Sample Residence_Point_1069,14.283024460001323,121.07114012727452,residential
Sample Residence_Point_1070,14.283925360902224,121.07114012727452,residential
Sample Residence_Point_1071,14.284826261803124,121.07114012727452,residential
Sample Residence_Point_1072,14.285727162704024,121.07114012727452,residential
Sample Residence_Point_1073,14.286628063604924,121.07114012727452,residential
Sample Residence_Point_1074,14.287528964505825,121.07114012727452,residential
Sample Residence_Point_1075,14.288429865406725,121.07114012727452,residential
Sample Residence_Point_1076,14.289330766307625,121.07114012727452,residential
Sample Residence_Point_1077,14.251492928469816,121.07204102817542,residential
Sample Residence_Point_1078,14.252393829370716,121.07204102817542,residential
Sample Residence_Point_1079,14.253294730271616,121.07204102817542,residential
Sample Residence_Point_1080,14.254195631172516,121.07204102817542,residential
Sample Residence_Point_1081,14.255096532073416,121.07204102817542,residential
Sample Residence_Point_1082,14.255997432974317,121.07204102817542,residential
Sample Residence_Point_1083,14.256898333875217,121.07204102817542,residential
Sample Residence_Point_1084,14.257799234776117,121.07204102817542,residential
Sample Residence_Point_1085,14.258700135677017,121.07204102817542,residential
Sample Residence_Point_1086,14.259601036577918,121.07204102817542,residential
Sample Residence_Point_1087,14.260501937478818,121.07204102817542,residential
Sample Residence_Point_1088,14.261402838379718,121.07204102817542,residential
Sample Residence_Point_1089,14.262303739280618,121.07204102817542,residential
Sample Residence_Point_1090,14.263204640181518,121.07204102817542,residential
Sample Residence_Point_1091,14.264105541082419,121.07204102817542,residential
Sample Residence_Point_1092,14.265006441983319,121.07204102817542,residential
Sample Residence_Point_1093,14.26590734288422,121.07204102817542,residential
Sample Residence_Point_1094,14.26680824378512,121.07204102817542,residential
Sample Residence_Point_1095,14.26770914468602,121.07204102817542,residential
Sample Residence_Point_1096,14.26861004558692,121.07204102817542,residential
Sample Residence_Point_1097,14.26951094648782,121.07204102817542,residential
Sample Residence_Point_1098,14.27041184738872,121.07204102817542,residential
Sample Residence_Point_1099,14.27131274828962,121.07204102817542,residential
Sample Residence_Point_1100,14.27221364919052,121.07204102817542,residential
Sample Residence_Point_1101,14.273114550091421,121.07204102817542,residential
Sample Residence_Point_1102,14.274015450992321,121.07204102817542,residential
Sample Residence_Point_1103,14.274916351893221,121.07204102817542,residential
Sample Residence_Point_1104,14.275817252794122,121.07204102817542,residential
Sample Residence_Point_1105,14.276718153695022,121.07204102817542,residential
Sample Residence_Point_1106,14.277619054595922,121.07204102817542,residential
Sample Residence_Point_1107,14.278519955496822,121.07204102817542,residential
Sample Residence_Point_1108,14.279420856397723,121.07204102817542,residential
Sample Residence_Point_1109,14.280321757298623,121.07204102817542,residential
Sample Residence_Point_1110,14.281222658199523,121.07204102817542,residential
Sample Residence_Point_1111,14.282123559100423,121.07204102817542,residential
Sample Residence_Point_1112,14.283024460001323,121.07204102817542,residential
Sample Residence_Point_1113,14.283925360902224,121.07204102817542,residential
Sample Residence_Point_1114,14.284826261803124,121.07204102817542,residential
Sample Residence_Point_1115,14.285727162704024,121.07204102817542,residential
Sample Residence_Point_1116,14.286628063604924,121.07204102817542,residential
Sample Residence_Point_1117,14.287528964505825,121.07204102817542,residential
Sample Residence_Point_1118,14.288429865406725,121.07204102817542,residential
Sample Residence_Point_1119,14.289330766307625,121.07204102817542,residential
Sample Residence_Point_1120,14.290231667208525,121.07204102817542,residential
Sample Residence_Point_1121,14.252393829370716,121.07294192907632,residential
Sample Residence_Point_1122,14.253294730271616,121.07294192907632,residential
Sample Residence_Point_1123,14.254195631172516,121.07294192907632,residential
Sample Residence_Point_1124,14.255096532073416,121.07294192907632,residential
Sample Residence_Point_1125,14.255997432974317,121.07294192907632,residential
Sample Residence_Point_1126,14.256898333875217,121.07294192907632,residential
Sample Residence_Point_1127,14.257799234776117,121.07294192907632,residential
Sample Residence_Point_1128,14.258700135677017,121.07294192907632,residential
Sample Residence_Point_1129,14.259601036577918,121.07294192907632,residential
Sample Residence_Point_1130,14.260501937478818,121.07294192907632,residential
Sample Residence_Point_1131,14.261402838379718,121.07294192907632,residential
Sample Residence_Point_1132,14.262303739280618,121.07294192907632,residential
Sample Residence_Point_1133,14.263204640181518,121.07294192907632,residential
Sample Residence_Point_1134,14.264105541082419,121.07294192907632,residential
Sample Residence_Point_1135,14.265006441983319,121.07294192907632,residential
Sample Residence_Point_1136,14.26590734288422,121.07294192907632,residential
Sample Residence_Point_1137,14.26680824378512,121.07294192907632,residential
Sample Residence_Point_1138,14.26770914468602,121.07294192907632,residential
Sample Residence_Point_1139,14.26861004558692,121.07294192907632,residential
Sample Residence_Point_1140,14.26951094648782,121.07294192907632,residential
Sample Residence_Point_1141,14.27041184738872,121.07294192907632,residential
Sample Residence_Point_1142,14.27131274828962,121.07294192907632,residential
Sample Residence_Point_1143,14.27221364919052,121.07294192907632,residential
Sample Residence_Point_1144,14.273114550091421,121.07294192907632,residential
Sample Residence_Point_1145,14.274015450992321,121.07294192907632,residential
Sample Residence_Point_1146,14.274916351893221,121.07294192907632,residential
Sample Residence_Point_1147,14.275817252794122,121.07294192907632,residential
Sample Residence_Point_1148,14.276718153695022,121.07294192907632,residential
Sample Residence_Point_1149,14.277619054595922,121.07294192907632,residential
Sample Residence_Point_1150,14.278519955496822,121.07294192907632,residential
Sample Residence_Point_1151,14.279420856397723,121.07294192907632,residential
Sample Residence_Point_1152,14.280321757298623,121.07294192907632,residential
Sample Residence_Point_1153,14.281222658199523,121.07294192907632,residential
Sample Residence_Point_1154,14.282123559100423,121.07294192907632,residential
Sample Residence_Point_1155,14.283024460001323,121.07294192907632,residential
Sample Residence_Point_1156,14.283925360902224,121.07294192907632,residential
Sample Residence_Point_1157,14.284826261803124,121.07294192907632,residential
Sample Residence_Point_1158,14.285727162704024,121.07294192907632,residential
Sample Residence_Point_1159,14.286628063604924,121.07294192907632,residential
Sample Residence_Point_1160,14.287528964505825,121.07294192907632,residential
Sample Residence_Point_1161,14.288429865406725,121.07294192907632,residential
Sample Residence_Point_1162,14.289330766307625,121.07294192907632,residential
Sample Residence_Point_1163,14.290231667208525,121.07294192907632,residential
Sample Residence_Point_1164,14.291132568109425,121.07294192907632,residential
Sample Residence_Point_1165,14.254195631172516,121.07384282997722,residential
Sample Residence_Point_1166,14.255096532073416,121.07384282997722,residential
Sample Residence_Point_1167,14.255997432974317,121.07384282997722,residential
Sample Residence_Point_1168,14.256898333875217,121.07384282997722,residential
Sample Residence_Point_1169,14.257799234776117,121.07384282997722,residential
Sample Residence_Point_1170,14.258700135677017,121.07384282997722,residential
Sample Residence_Point_1171,14.259601036577918,121.07384282997722,residential
Sample Residence_Point_1172,14.260501937478818,121.07384282997722,residential
Sample Residence_Point_1173,14.261402838379718,121.07384282997722,residential
Sample Residence_Point_1174,14.262303739280618,121.07384282997722,residential
Sample Residence_Point_1175,14.263204640181518,121.07384282997722,residential
Sample Residence_Point_1176,14.264105541082419,121.07384282997722,residential
Sample Residence_Point_1177,14.265006441983319,121.07384282997722,residential
Sample Residence_Point_1178,14.26590734288422,121.07384282997722,residential
Sample Residence_Point_1179,14.26680824378512,121.07384282997722,residential
Sample Residence_Point_1180,14.26770914468602,121.07384282997722,residential
Sample Residence_Point_1181,14.26861004558692,121.07384282997722,residential
Sample Residence_Point_1182,14.26951094648782,121.07384282997722,residential
Sample Residence_Point_1183,14.27041184738872,121.07384282997722,residential
Sample Residence_Point_1184,14.27131274828962,121.07384282997722,residential
Sample Residence_Point_1185,14.27221364919052,121.07384282997722,residential
Sample Residence_Point_1186,14.273114550091421,121.07384282997722,residential
Sample Residence_Point_1187,14.274015450992321,121.07384282997722,residential
Sample Residence_Point_1188,14.274916351893221,121.07384282997722,residential
Sample Residence_Point_1189,14.275817252794122,121.07384282997722,residential
Sample Residence_Point_1190,14.276718153695022,121.07384282997722,residential
Sample Residence_Point_1191,14.277619054595922,121.07384282997722,residential
Sample Residence_Point_1192,14.278519955496822,121.07384282997722,residential
Sample Residence_Point_1193,14.279420856397723,121.07384282997722,residential
Sample Residence_Point_1194,14.280321757298623,121.07384282997722,residential
Sample Residence_Point_1195,14.281222658199523,121.07384282997722,residential
Sample Residence_Point_1196,14.282123559100423,121.07384282997722,residential
Sample Residence_Point_1197,14.283024460001323,121.07384282997722,residential
Sample Residence_Point_1198,14.283925360902224,121.07384282997722,residential
Sample Residence_Point_1199,14.284826261803124,121.07384282997722,residential
Sample Residence_Point_1200,14.285727162704024,121.07384282997722,residential
Sample Residence_Point_1201,14.286628063604924,121.07384282997722,residential
Sample Residence_Point_1202,14.287528964505825,121.07384282997722,residential
Sample Residence_Point_1203,14.288429865406725,121.07384282997722,residential
Sample Residence_Point_1204,14.289330766307625,121.07384282997722,residential
Sample Residence_Point_1205,14.290231667208525,121.07384282997722,residential
Sample Residence_Point_1206,14.291132568109425,121.07384282997722,residential
Sample Residence_Point_1207,14.292033469010326,121.07384282997722,residential
Sample Residence_Point_1208,14.255096532073416,121.07474373087813,residential
Sample Residence_Point_1209,14.255997432974317,121.07474373087813,residential
Sample Residence_Point_1210,14.256898333875217,121.07474373087813,residential
Sample Residence_Point_1211,14.257799234776117,121.07474373087813,residential
Sample Residence_Point_1212,14.258700135677017,121.07474373087813,residential
Sample Residence_Point_1213,14.259601036577918,121.07474373087813,residential
Sample Residence_Point_1214,14.260501937478818,121.07474373087813,residential
Sample Residence_Point_1215,14.261402838379718,121.07474373087813,residential
Sample Residence_Point_1216,14.262303739280618,121.07474373087813,residential
Sample Residence_Point_1217,14.263204640181518,121.07474373087813,residential
Sample Residence_Point_1218,14.264105541082419,121.07474373087813,residential
Sample Residence_Point_1219,14.265006441983319,121.07474373087813,residential
Sample Residence_Point_1220,14.26590734288422,121.07474373087813,residential
Sample Residence_Point_1221,14.26680824378512,121.07474373087813,residential
Sample Residence_Point_1222,14.26770914468602,121.07474373087813,residential
Sample Residence_Point_1223,14.26861004558692,121.07474373087813,residential
Sample Residence_Point_1224,14.26951094648782,121.07474373087813,residential
Sample Residence_Point_1225,14.27041184738872,121.07474373087813,residential
Sample Residence_Point_1226,14.27131274828962,121.07474373087813,residential
Sample Residence_Point_1227,14.27221364919052,121.07474373087813,residential
Sample Residence_Point_1228,14.273114550091421,121.07474373087813,residential
Sample Residence_Point_1229,14.274015450992321,121.07474373087813,residential
Sample Residence_Point_1230,14.274916351893221,121.07474373087813,residential
Sample Residence_Point_1231,14.275817252794122,121.07474373087813,residential
Sample Residence_Point_1232,14.276718153695022,121.07474373087813,residential
Sample Residence_Point_1233,14.277619054595922,121.07474373087813,residential
Sample Residence_Point_1234,14.278519955496822,121.07474373087813,residential
Sample Residence_Point_1235,14.279420856397723,121.07474373087813,residential
Sample Residence_Point_1236,14.280321757298623,121.07474373087813,residential
Sample Residence_Point_1237,14.281222658199523,121.07474373087813,residential
Sample Residence_Point_1238,14.282123559100423,121.07474373087813,residential
Sample Residence_Point_1239,14.283024460001323,121.07474373087813,residential
Sample Residence_Point_1240,14.283925360902224,121.07474373087813,residential
Sample Residence_Point_1241,14.284826261803124,121.07474373087813,residential
Sample Residence_Point_1242,14.285727162704024,121.07474373087813,residential
Sample Residence_Point_1243,14.286628063604924,121.07474373087813,residential
Sample Residence_Point_1244,14.287528964505825,121.07474373087813,residential
Sample Residence_Point_1245,14.288429865406725,121.07474373087813,residential
Sample Residence_Point_1246,14.289330766307625,121.07474373087813,residential
Sample Residence_Point_1247,14.290231667208525,121.07474373087813,residential
Sample Residence_Point_1248,14.291132568109425,121.07474373087813,residential
Sample Residence_Point_1249,14.292033469010326,121.07474373087813,residential
Sample Residence_Point_1250,14.255997432974317,121.07564463177903,residential
Sample Residence_Point_1251,14.256898333875217,121.07564463177903,residential
Sample Residence_Point_1252,14.257799234776117,121.07564463177903,residential
Sample Residence_Point_1253,14.258700135677017,121.07564463177903,residential
Sample Residence_Point_1254,14.259601036577918,121.07564463177903,residential
Sample Residence_Point_1255,14.260501937478818,121.07564463177903,residential
Sample Residence_Point_1256,14.261402838379718,121.07564463177903,residential
Sample Residence_Point_1257,14.262303739280618,121.07564463177903,residential
Sample Residence_Point_1258,14.263204640181518,121.07564463177903,residential
Sample Residence_Point_1259,14.264105541082419,121.07564463177903,residential
Sample Residence_Point_1260,14.265006441983319,121.07564463177903,residential
Sample Residence_Point_1261,14.26590734288422,121.07564463177903,residential
Sample Residence_Point_1262,14.26680824378512,121.07564463177903,residential
Sample Residence_Point_1263,14.26770914468602,121.07564463177903,residential
Sample Residence_Point_1264,14.26861004558692,121.07564463177903,residential
Sample Residence_Point_1265,14.26951094648782,121.07564463177903,residential
Sample Residence_Point_1266,14.27041184738872,121.07564463177903,residential
Sample Residence_Point_1267,14.27131274828962,121.07564463177903,residential
Sample Residence_Point_1268,14.27221364919052,121.07564463177903,residential
Sample Residence_Point_1269,14.273114550091421,121.07564463177903,residential
Sample Residence_Point_1270,14.274015450992321,121.07564463177903,residential
Sample Residence_Point_1271,14.274916351893221,121.07564463177903,residential
Sample Residence_Point_1272,14.275817252794122,121.07564463177903,residential
Sample Residence_Point_1273,14.276718153695022,121.07564463177903,residential
Sample Residence_Point_1274,14.277619054595922,121.07564463177903,residential
Sample Residence_Point_1275,14.278519955496822,121.07564463177903,residential
Sample Residence_Point_1276,14.279420856397723,121.07564463177903,residential
Sample Residence_Point_1277,14.280321757298623,121.07564463177903,residential
Sample Residence_Point_1278,14.281222658199523,121.07564463177903,residential
Sample Residence_Point_1279,14.282123559100423,121.07564463177903,residential
Sample Residence_Point_1280,14.283024460001323,121.07564463177903,residential
Sample Residence_Point_1281,14.283925360902224,121.07564463177903,residential
Sample Residence_Point_1282,14.284826261803124,121.07564463177903,residential
Sample Residence_Point_1283,14.285727162704024,121.07564463177903,residential
Sample Residence_Point_1284,14.286628063604924,121.07564463177903,residential
Sample Residence_Point_1285,14.287528964505825,121.07564463177903,residential
Sample Residence_Point_1286,14.288429865406725,121.07564463177903,residential
Sample Residence_Point_1287,14.289330766307625,121.07564463177903,residential
Sample Residence_Point_1288,14.290231667208525,121.07564463177903,residential
Sample Residence_Point_1289,14.291132568109425,121.07564463177903,residential
Sample Residence_Point_1290,14.292033469010326,121.07564463177903,residential
Sample Residence_Point_1291,14.292934369911226,121.07564463177903,residential
Sample Residence_Point_1292,14.256898333875217,121.07654553267993,residential
Sample Residence_Point_1293,14.257799234776117,121.07654553267993,residential
Sample Residence_Point_1294,14.258700135677017,121.07654553267993,residential
Sample Residence_Point_1295,14.259601036577918,121.07654553267993,residential
Sample Residence_Point_1296,14.260501937478818,121.07654553267993,residential
Sample Residence_Point_1297,14.261402838379718,121.07654553267993,residential
Sample Residence_Point_1298,14.262303739280618,121.07654553267993,residential
Sample Residence_Point_1299,14.263204640181518,121.07654553267993,residential
Sample Residence_Point_1300,14.264105541082419,121.07654553267993,residential
Sample Residence_Point_1301,14.265006441983319,121.07654553267993,residential
Sample Residence_Point_1302,14.26590734288422,121.07654553267993,residential
Sample Residence_Point_1303,14.26680824378512,121.07654553267993,residential
Sample Residence_Point_1304,14.26770914468602,121.07654553267993,residential
Sample Residence_Point_1305,14.26861004558692,121.07654553267993,residential
Sample Residence_Point_1306,14.26951094648782,121.07654553267993,residential
Sample Residence_Point_1307,14.27041184738872,121.07654553267993,residential
Sample Residence_Point_1308,14.27131274828962,121.07654553267993,residential
Sample Residence_Point_1309,14.27221364919052,121.07654553267993,residential
Sample Residence_Point_1310,14.273114550091421,121.07654553267993,residential
Sample Residence_Point_1311,14.274015450992321,121.07654553267993,residential
Sample Residence_Point_1312,14.274916351893221,121.07654553267993,residential
Sample Residence_Point_1313,14.275817252794122,121.07654553267993,residential
Sample Residence_Point_1314,14.276718153695022,121.07654553267993,residential
Sample Residence_Point_1315,14.277619054595922,121.07654553267993,residential
Sample Residence_Point_1316,14.278519955496822,121.07654553267993,residential
Sample Residence_Point_1317,14.279420856397723,121.07654553267993,residential
Sample Residence_Point_1318,14.280321757298623,121.07654553267993,residential
Sample Residence_Point_1319,14.281222658199523,121.07654553267993,residential
Sample Residence_Point_1320,14.282123559100423,121.07654553267993,residential
Sample Residence_Point_1321,14.283024460001323,121.07654553267993,residential
Sample Residence_Point_1322,14.283925360902224,121.07654553267993,residential
Sample Residence_Point_1323,14.284826261803124,121.07654553267993,residential
Sample Residence_Point_1324,14.285727162704024,121.07654553267993,residential
Sample Residence_Point_1325,14.286628063604924,121.07654553267993,residential
Sample Residence_Point_1326,14.287528964505825,121.07654553267993,residential
Sample Residence_Point_1327,14.288429865406725,121.07654553267993,residential
Sample Residence_Point_1328,14.289330766307625,121.07654553267993,residential
Sample Residence_Point_1329,14.290231667208525,121.07654553267993,residential
Sample Residence_Point_1330,14.291132568109425,121.07654553267993,residential
Sample Residence_Point_1331,14.292033469010326,121.07654553267993,residential
Sample Residence_Point_1332,14.292934369911226,121.07654553267993,residential
Sample Residence_Point_1333,14.293835270812126,121.07654553267993,residential
Sample Residence_Point_1334,14.257799234776117,121.07744643358083,residential
Sample Residence_Point_1335,14.258700135677017,121.07744643358083,residential
Sample Residence_Point_1336,14.259601036577918,121.07744643358083,residential
Sample Residence_Point_1337,14.260501937478818,121.07744643358083,residential
Sample Residence_Point_1338,14.261402838379718,121.07744643358083,residential
Sample Residence_Point_1339,14.262303739280618,121.07744643358083,residential
Sample Residence_Point_1340,14.263204640181518,121.07744643358083,residential
Sample Residence_Point_1341,14.264105541082419,121.07744643358083,residential
Sample Residence_Point_1342,14.265006441983319,121.07744643358083,residential
Sample Residence_Point_1343,14.26590734288422,121.07744643358083,residential
Sample Residence_Point_1344,14.26680824378512,121.07744643358083,residential
Sample Residence_Point_1345,14.26770914468602,121.07744643358083,residential
Sample Residence_Point_1346,14.26861004558692,121.07744643358083,residential
Sample Residence_Point_1347,14.26951094648782,121.07744643358083,residential
Sample Residence_Point_1348,14.27041184738872,121.07744643358083,residential
Sample Residence_Point_1349,14.27131274828962,121.07744643358083,residential
Sample Residence_Point_1350,14.27221364919052,121.07744643358083,residential
Sample Residence_Point_1351,14.273114550091421,121.07744643358083,residential
Sample Residence_Point_1352,14.274015450992321,121.07744643358083,residential
Sample Residence_Point_1353,14.274916351893221,121.07744643358083,residential
Sample Residence_Point_1354,14.275817252794122,121.07744643358083,residential
Sample Residence_Point_1355,14.276718153695022,121.07744643358083,residential
Sample Residence_Point_1356,14.277619054595922,121.07744643358083,residential
Sample Residence_Point_1357,14.278519955496822,121.07744643358083,residential
Sample Residence_Point_1358,14.279420856397723,121.07744643358083,residential
Sample Residence_Point_1359,14.280321757298623,121.07744643358083,residential
Sample Residence_Point_1360,14.281222658199523,121.07744643358083,residential
Sample Residence_Point_1361,14.282123559100423,121.07744643358083,residential
Sample Residence_Point_1362,14.283024460001323,121.07744643358083,residential
Sample Residence_Point_1363,14.283925360902224,121.07744643358083,residential
Sample Residence_Point_1364,14.284826261803124,121.07744643358083,residential
Sample Residence_Point_1365,14.285727162704024,121.07744643358083,residential
Sample Residence_Point_1366,14.286628063604924,121.07744643358083,residential
Sample Residence_Point_1367,14.287528964505825,121.07744643358083,residential
Sample Residence_Point_1368,14.288429865406725,121.07744643358083,residential
Sample Residence_Point_1369,14.289330766307625,121.07744643358083,residential
Sample Residence_Point_1370,14.290231667208525,121.07744643358083,residential
Sample Residence_Point_1371,14.291132568109425,121.07744643358083,residential
Sample Residence_Point_1372,14.292033469010326,121.07744643358083,residential
Sample Residence_Point_1373,14.292934369911226,121.07744643358083,residential
Sample Residence_Point_1374,14.293835270812126,121.07744643358083,residential
Sample Residence_Point_1375,14.294736171713026,121.07744643358083,residential
Sample Residence_Point_1376,14.258700135677017,121.07834733448173,residential
Sample Residence_Point_1377,14.259601036577918,121.07834733448173,residential
Sample Residence_Point_1378,14.260501937478818,121.07834733448173,residential
Sample Residence_Point_1379,14.261402838379718,121.07834733448173,residential
Sample Residence_Point_1380,14.262303739280618,121.07834733448173,residential
Sample Residence_Point_1381,14.263204640181518,121.07834733448173,residential
Sample Residence_Point_1382,14.264105541082419,121.07834733448173,residential
Sample Residence_Point_1383,14.265006441983319,121.07834733448173,residential
Sample Residence_Point_1384,14.26590734288422,121.07834733448173,residential
Sample Residence_Point_1385,14.26680824378512,121.07834733448173,residential
Sample Residence_Point_1386,14.26770914468602,121.07834733448173,residential
Sample Residence_Point_1387,14.26861004558692,121.07834733448173,residential
Sample Residence_Point_1388,14.26951094648782,121.07834733448173,residential
Sample Residence_Point_1389,14.27041184738872,121.07834733448173,residential
Sample Residence_Point_1390,14.27131274828962,121.07834733448173,residential
Sample Residence_Point_1391,14.27221364919052,121.07834733448173,residential
Sample Residence_Point_1392,14.273114550091421,121.07834733448173,residential
Sample Residence_Point_1393,14.274015450992321,121.07834733448173,residential
Sample Residence_Point_1394,14.274916351893221,121.07834733448173,residential
Sample Residence_Point_1395,14.275817252794122,121.07834733448173,residential
Sample Residence_Point_1396,14.276718153695022,121.07834733448173,residential
Sample Residence_Point_1397,14.277619054595922,121.07834733448173,residential
Sample Residence_Point_1398,14.278519955496822,121.07834733448173,residential
Sample Residence_Point_1399,14.279420856397723,121.07834733448173,residential
Sample Residence_Point_1400,14.280321757298623,121.07834733448173,residential
Sample Residence_Point_1401,14.281222658199523,121.07834733448173,residential
Sample Residence_Point_1402,14.282123559100423,121.07834733448173,residential
Sample Residence_Point_1403,14.283024460001323,121.07834733448173,residential
Sample Residence_Point_1404,14.283925360902224,121.07834733448173,residential
Sample Residence_Point_1405,14.284826261803124,121.07834733448173,residential
Sample Residence_Point_1406,14.285727162704024,121.07834733448173,residential
Sample Residence_Point_1407,14.286628063604924,121.07834733448173,residential
Sample Residence_Point_1408,14.287528964505825,121.07834733448173,residential
Sample Residence_Point_1409,14.288429865406725,121.07834733448173,residential
Sample Residence_Point_1410,14.289330766307625,121.07834733448173,residential
Sample Residence_Point_1411,14.290231667208525,121.07834733448173,residential
Sample Residence_Point_1412,14.291132568109425,121.07834733448173,residential
Sample Residence_Point_1413,14.292033469010326,121.07834733448173,residential
Sample Residence_Point_1414,14.292934369911226,121.07834733448173,residential
Sample Residence_Point_1415,14.293835270812126,121.07834733448173,residential
Sample Residence_Point_1416,14.294736171713026,121.07834733448173,residential
Sample Residence_Point_1417,14.259601036577918,121.07924823538264,residential
Sample Residence_Point_1418,14.260501937478818,121.07924823538264,residential
Sample Residence_Point_1419,14.261402838379718,121.07924823538264,residential
Sample Residence_Point_1420,14.262303739280618,121.07924823538264,residential
Sample Residence_Point_1421,14.263204640181518,121.07924823538264,residential
Sample Residence_Point_1422,14.264105541082419,121.07924823538264,residential
Sample Residence_Point_1423,14.265006441983319,121.07924823538264,residential
Sample Residence_Point_1424,14.26590734288422,121.07924823538264,residential
Sample Residence_Point_1425,14.26680824378512,121.07924823538264,residential
Sample Residence_Point_1426,14.26770914468602,121.07924823538264,residential
Sample Residence_Point_1427,14.26861004558692,121.07924823538264,residential
Sample Residence_Point_1428,14.26951094648782,121.07924823538264,residential
Sample Residence_Point_1429,14.27041184738872,121.07924823538264,residential
Sample Residence_Point_1430,14.27131274828962,121.07924823538264,residential
Sample Residence_Point_1431,14.27221364919052,121.07924823538264,residential
Sample Residence_Point_1432,14.273114550091421,121.07924823538264,residential
Sample Residence_Point_1433,14.274015450992321,121.07924823538264,residential
Sample Residence_Point_1434,14.274916351893221,121.07924823538264,residential
Sample Residence_Point_1435,14.275817252794122,121.07924823538264,residential
Sample Residence_Point_1436,14.276718153695022,121.07924823538264,residential
Sample Residence_Point_1437,14.277619054595922,121.07924823538264,residential
Sample Residence_Point_1438,14.278519955496822,121.07924823538264,residential
Sample Residence_Point_1439,14.279420856397723,121.07924823538264,residential
Sample Residence_Point_1440,14.280321757298623,121.07924823538264,residential
Sample Residence_Point_1441,14.281222658199523,121.07924823538264,residential
Sample Residence_Point_1442,14.282123559100423,121.07924823538264,residential
Sample Residence_Point_1443,14.283024460001323,121.07924823538264,residential
Sample Residence_Point_1444,14.283925360902224,121.07924823538264,residential
Sample Residence_Point_1445,14.284826261803124,121.07924823538264,residential
Sample Residence_Point_1446,14.285727162704024,121.07924823538264,residential
Sample Residence_Point_1447,14.286628063604924,121.07924823538264,residential
Sample Residence_Point_1448,14.287528964505825,121.07924823538264,residential
Sample Residence_Point_1449,14.288429865406725,121.07924823538264,residential
Sample Residence_Point_1450,14.289330766307625,121.07924823538264,residential
Sample Residence_Point_1451,14.290231667208525,121.07924823538264,residential
Sample Residence_Point_1452,14.291132568109425,121.07924823538264,residential
Sample Residence_Point_1453,14.292033469010326,121.07924823538264,residential
Sample Residence_Point_1454,14.292934369911226,121.07924823538264,residential
Sample Residence_Point_1455,14.293835270812126,121.07924823538264,residential
Sample Residence_Point_1456,14.294736171713026,121.07924823538264,residential
Sample Residence_Point_1457,14.295637072613927,121.07924823538264,residential
Sample Residence_Point_1458,14.260501937478818,121.08014913628354,residential
Sample Residence_Point_1459,14.261402838379718,121.08014913628354,residential
Sample Residence_Point_1460,14.262303739280618,121.08014913628354,residential
Sample Residence_Point_1461,14.263204640181518,121.08014913628354,residential
Sample Residence_Point_1462,14.264105541082419,121.08014913628354,residential
Sample Residence_Point_1463,14.265006441983319,121.08014913628354,residential
Sample Residence_Point_1464,14.26590734288422,121.08014913628354,residential
Sample Residence_Point_1465,14.26680824378512,121.08014913628354,residential
Sample Residence_Point_1466,14.26770914468602,121.08014913628354,residential
Sample Residence_Point_1467,14.26861004558692,121.08014913628354,residential
Sample Residence_Point_1468,14.26951094648782,121.08014913628354,residential
Sample Residence_Point_1469,14.27041184738872,121.08014913628354,residential
Sample Residence_Point_1470,14.27131274828962,121.08014913628354,residential
Sample Residence_Point_1471,14.27221364919052,121.08014913628354,residential
Sample Residence_Point_1472,14.273114550091421,121.08014913628354,residential
Sample Residence_Point_1473,14.274015450992321,121.08014913628354,residential
Sample Residence_Point_1474,14.274916351893221,121.08014913628354,residential
Sample Residence_Point_1475,14.275817252794122,121.08014913628354,residential
Sample Residence_Point_1476,14.276718153695022,121.08014913628354,residential
Sample Residence_Point_1477,14.277619054595922,121.08014913628354,residential
Sample Residence_Point_1478,14.278519955496822,121.08014913628354,residential
Sample Residence_Point_1479,14.279420856397723,121.08014913628354,residential
Sample Residence_Point_1480,14.280321757298623,121.08014913628354,residential
Sample Residence_Point_1481,14.281222658199523,121.08014913628354,residential
Sample Residence_Point_1482,14.282123559100423,121.08014913628354,residential
Sample Residence_Point_1483,14.283024460001323,121.08014913628354,residential
Sample Residence_Point_1484,14.283925360902224,121.08014913628354,residential
Sample Residence_Point_1485,14.284826261803124,121.08014913628354,residential
Sample Residence_Point_1486,14.285727162704024,121.08014913628354,residential
Sample Residence_Point_1487,14.286628063604924,121.08014913628354,residential
Sample Residence_Point_1488,14.287528964505825,121.08014913628354,residential
Sample Residence_Point_1489,14.288429865406725,121.08014913628354,residential
Sample Residence_Point_1490,14.289330766307625,121.08014913628354,residential
Sample Residence_Point_1491,14.290231667208525,121.08014913628354,residential
Sample Residence_Point_1492,14.291132568109425,121.08014913628354,residential
Sample Residence_Point_1493,14.292033469010326,121.08014913628354,residential
Sample Residence_Point_1494,14.292934369911226,121.08014913628354,residential
Sample Residence_Point_1495,14.293835270812126,121.08014913628354,residential
Sample Residence_Point_1496,14.294736171713026,121.08014913628354,residential
Sample Residence_Point_1497,14.295637072613927,121.08014913628354,residential
Sample Residence_Point_1498,14.296537973514827,121.08014913628354,residential
Sample Residence_Point_1499,14.261402838379718,121.08105003718444,residential
Sample Residence_Point_1500,14.262303739280618,121.08105003718444,residential
Sample Residence_Point_1501,14.263204640181518,121.08105003718444,residential
Sample Residence_Point_1502,14.264105541082419,121.08105003718444,residential
Sample Residence_Point_1503,14.265006441983319,121.08105003718444,residential
Sample Residence_Point_1504,14.26590734288422,121.08105003718444,residential
Sample Residence_Point_1505,14.26680824378512,121.08105003718444,residential
Sample Residence_Point_1506,14.26770914468602,121.08105003718444,residential
Sample Residence_Point_1507,14.26861004558692,121.08105003718444,residential
Sample Residence_Point_1508,14.26951094648782,121.08105003718444,residential
Sample Residence_Point_1509,14.27041184738872,121.08105003718444,residential
Sample Residence_Point_1510,14.27131274828962,121.08105003718444,residential
Sample Residence_Point_1511,14.27221364919052,121.08105003718444,residential
Sample Residence_Point_1512,14.273114550091421,121.08105003718444,residential
Sample Residence_Point_1513,14.274015450992321,121.08105003718444,residential
Sample Residence_Point_1514,14.274916351893221,121.08105003718444,residential
Sample Residence_Point_1515,14.275817252794122,121.08105003718444,residential
Sample Residence_Point_1516,14.276718153695022,121.08105003718444,residential
Sample Residence_Point_1517,14.277619054595922,121.08105003718444,residential
Sample Residence_Point_1518,14.278519955496822,121.08105003718444,residential
Sample Residence_Point_1519,14.279420856397723,121.08105003718444,residential
Sample Residence_Point_1520,14.280321757298623,121.08105003718444,residential
Sample Residence_Point_1521,14.281222658199523,121.08105003718444,residential
Sample Residence_Point_1522,14.282123559100423,121.08105003718444,residential
Sample Residence_Point_1523,14.283024460001323,121.08105003718444,residential
Sample Residence_Point_1524,14.283925360902224,121.08105003718444,residential
Sample Residence_Point_1525,14.284826261803124,121.08105003718444,residential
Sample Residence_Point_1526,14.285727162704024,121.08105003718444,residential
Sample Residence_Point_1527,14.286628063604924,121.08105003718444,residential
Sample Residence_Point_1528,14.287528964505825,121.08105003718444,residential
Sample Residence_Point_1529,14.288429865406725,121.08105003718444,residential
Sample Residence_Point_1530,14.289330766307625,121.08105003718444,residential
Sample Residence_Point_1531,14.290231667208525,121.08105003718444,residential
Sample Residence_Point_1532,14.291132568109425,121.08105003718444,residential
Sample Residence_Point_1533,14.292033469010326,121.08105003718444,residential
Sample Residence_Point_1534,14.292934369911226,121.08105003718444,residential
Sample Residence_Point_1535,14.293835270812126,121.08105003718444,residential
Sample Residence_Point_1536,14.294736171713026,121.08105003718444,residential
Sample Residence_Point_1537,14.295637072613927,121.08105003718444,residential
Sample Residence_Point_1538,14.296537973514827,121.08105003718444,residential
Sample Residence_Point_1539,14.262303739280618,121.08195093808534,residential
Sample Residence_Point_1540,14.263204640181518,121.08195093808534,residential
Sample Residence_Point_1541,14.264105541082419,121.08195093808534,residential
Sample Residence_Point_1542,14.265006441983319,121.08195093808534,residential
Sample Residence_Point_1543,14.26590734288422,121.08195093808534,residential
Sample Residence_Point_1544,14.26680824378512,121.08195093808534,residential
Sample Residence_Point_1545,14.26770914468602,121.08195093808534,residential
Sample Residence_Point_1546,14.26861004558692,121.08195093808534,residential
Sample Residence_Point_1547,14.26951094648782,121.08195093808534,residential
Sample Residence_Point_1548,14.27041184738872,121.08195093808534,residential
Sample Residence_Point_1549,14.27131274828962,121.08195093808534,residential
Sample Residence_Point_1550,14.27221364919052,121.08195093808534,residential
Sample Residence_Point_1551,14.273114550091421,121.08195093808534,residential
Sample Residence_Point_1552,14.274015450992321,121.08195093808534,residential
Sample Residence_Point_1553,14.274916351893221,121.08195093808534,residential
Sample Residence_Point_1554,14.275817252794122,121.08195093808534,residential
Sample Residence_Point_1555,14.276718153695022,121.08195093808534,residential
Sample Residence_Point_1556,14.277619054595922,121.08195093808534,residential
Sample Residence_Point_1557,14.278519955496822,121.08195093808534,residential
Sample Residence_Point_1558,14.279420856397723,121.08195093808534,residential
Sample Residence_Point_1559,14.280321757298623,121.08195093808534,residential
Sample Residence_Point_1560,14.281222658199523,121.08195093808534,residential
Sample Residence_Point_1561,14.282123559100423,121.08195093808534,residential
Sample Residence_Point_1562,14.283024460001323,121.08195093808534,residential
Sample Residence_Point_1563,14.283925360902224,121.08195093808534,residential
Sample Residence_Point_1564,14.284826261803124,121.08195093808534,residential
Sample Residence_Point_1565,14.285727162704024,121.08195093808534,residential
Sample Residence_Point_1566,14.286628063604924,121.08195093808534,residential
Sample Residence_Point_1567,14.287528964505825,121.08195093808534,residential
Sample Residence_Point_1568,14.288429865406725,121.08195093808534,residential
Sample Residence_Point_1569,14.289330766307625,121.08195093808534,residential
Sample Residence_Point_1570,14.290231667208525,121.08195093808534,residential
Sample Residence_Point_1571,14.291132568109425,121.08195093808534,residential
Sample Residence_Point_1572,14.292033469010326,121.08195093808534,residential
Sample Residence_Point_1573,14.292934369911226,121.08195093808534,residential
Sample Residence_Point_1574,14.293835270812126,121.08195093808534,residential
Sample Residence_Point_1575,14.294736171713026,121.08195093808534,residential
Sample Residence_Point_1576,14.295637072613927,121.08195093808534,residential
Sample Residence_Point_1577,14.296537973514827,121.08195093808534,residential
Sample Residence_Point_1578,14.297438874415727,121.08195093808534,residential
Sample Residence_Point_1579,14.263204640181518,121.08285183898624,residential
Sample Residence_Point_1580,14.264105541082419,121.08285183898624,residential
Sample Residence_Point_1581,14.265006441983319,121.08285183898624,residential
Sample Residence_Point_1582,14.26590734288422,121.08285183898624,residential
Sample Residence_Point_1583,14.26680824378512,121.08285183898624,residential
Sample Residence_Point_1584,14.26770914468602,121.08285183898624,residential
Sample Residence_Point_1585,14.26861004558692,121.08285183898624,residential
Sample Residence_Point_1586,14.26951094648782,121.08285183898624,residential
Sample Residence_Point_1587,14.27041184738872,121.08285183898624,residential
Sample Residence_Point_1588,14.27131274828962,121.08285183898624,residential
Sample Residence_Point_1589,14.27221364919052,121.08285183898624,residential
Sample Residence_Point_1590,14.273114550091421,121.08285183898624,residential
Sample Residence_Point_1591,14.274015450992321,121.08285183898624,residential
Sample Residence_Point_1592,14.274916351893221,121.08285183898624,residential
Sample Residence_Point_1593,14.275817252794122,121.08285183898624,residential
Sample Residence_Point_1594,14.276718153695022,121.08285183898624,residential
Sample Residence_Point_1595,14.277619054595922,121.08285183898624,residential
Sample Residence_Point_1596,14.278519955496822,121.08285183898624,residential
Sample Residence_Point_1597,14.279420856397723,121.08285183898624,residential
Sample Residence_Point_1598,14.280321757298623,121.08285183898624,residential
Sample Residence_Point_1599,14.281222658199523,121.08285183898624,residential
Sample Residence_Point_1600,14.282123559100423,121.08285183898624,residential
Sample Residence_Point_1601,14.283024460001323,121.08285183898624,residential
Sample Residence_Point_1602,14.283925360902224,121.08285183898624,residential
Sample Residence_Point_1603,14.284826261803124,121.08285183898624,residential
Sample Residence_Point_1604,14.285727162704024,121.08285183898624,residential
Sample Residence_Point_1605,14.286628063604924,121.08285183898624,residential
Sample Residence_Point_1606,14.287528964505825,121.08285183898624,residential
Sample Residence_Point_1607,14.288429865406725,121.08285183898624,residential
Sample Residence_Point_1608,14.289330766307625,121.08285183898624,residential
Sample Residence_Point_1609,14.290231667208525,121.08285183898624,residential
Sample Residence_Point_1610,14.291132568109425,121.08285183898624,residential
Sample Residence_Point_1611,14.292033469010326,121.08285183898624,residential
Sample Residence_Point_1612,14.292934369911226,121.08285183898624,residential
Sample Residence_Point_1613,14.293835270812126,121.08285183898624,residential
Sample Residence_Point_1614,14.294736171713026,121.08285183898624,residential
Sample Residence_Point_1615,14.295637072613927,121.08285183898624,residential
Sample Residence_Point_1616,14.296537973514827,121.08285183898624,residential
Sample Residence_Point_1617,14.265006441983319,121.08375273988715,residential
Sample Residence_Point_1618,14.26590734288422,121.08375273988715,residential
Sample Residence_Point_1619,14.26680824378512,121.08375273988715,residential
Sample Residence_Point_1620,14.26770914468602,121.08375273988715,residential
Sample Residence_Point_1621,14.26861004558692,121.08375273988715,residential
Sample Residence_Point_1622,14.26951094648782,121.08375273988715,residential
Sample Residence_Point_1623,14.27041184738872,121.08375273988715,residential
Sample Residence_Point_1624,14.27131274828962,121.08375273988715,residential
Sample Residence_Point_1625,14.27221364919052,121.08375273988715,residential
Sample Residence_Point_1626,14.273114550091421,121.08375273988715,residential
Sample Residence_Point_1627,14.274015450992321,121.08375273988715,residential
Sample Residence_Point_1628,14.274916351893221,121.08375273988715,residential
Sample Residence_Point_1629,14.275817252794122,121.08375273988715,residential
Sample Residence_Point_1630,14.276718153695022,121.08375273988715,residential
Sample Residence_Point_1631,14.277619054595922,121.08375273988715,residential
Sample Residence_Point_1632,14.278519955496822,121.08375273988715,residential
Sample Residence_Point_1633,14.279420856397723,121.08375273988715,residential
Sample Residence_Point_1634,14.280321757298623,121.08375273988715,residential
Sample Residence_Point_1635,14.281222658199523,121.08375273988715,residential
Sample Residence_Point_1636,14.282123559100423,121.08375273988715,residential
Sample Residence_Point_1637,14.283024460001323,121.08375273988715,residential
Sample Residence_Point_1638,14.283925360902224,121.08375273988715,residential
Sample Residence_Point_1639,14.284826261803124,121.08375273988715,residential
Sample Residence_Point_1640,14.285727162704024,121.08375273988715,residential
Sample Residence_Point_1641,14.286628063604924,121.08375273988715,residential
Sample Residence_Point_1642,14.287528964505825,121.08375273988715,residential
Sample Residence_Point_1643,14.288429865406725,121.08375273988715,residential
Sample Residence_Point_1644,14.289330766307625,121.08375273988715,residential
Sample Residence_Point_1645,14.290231667208525,121.08375273988715,residential
Sample Residence_Point_1646,14.291132568109425,121.08375273988715,residential
Sample Residence_Point_1647,14.292033469010326,121.08375273988715,residential
Sample Residence_Point_1648,14.292934369911226,121.08375273988715,residential
Sample Residence_Point_1649,14.293835270812126,121.08375273988715,residential
Sample Residence_Point_1650,14.26590734288422,121.08465364078805,residential
Sample Residence_Point_1651,14.26680824378512,121.08465364078805,residential
Sample Residence_Point_1652,14.26770914468602,121.08465364078805,residential
Sample Residence_Point_1653,14.26861004558692,121.08465364078805,residential
Sample Residence_Point_1654,14.26951094648782,121.08465364078805,residential
Sample Residence_Point_1655,14.27041184738872,121.08465364078805,residential
Sample Residence_Point_1656,14.27131274828962,121.08465364078805,residential
Sample Residence_Point_1657,14.27221364919052,121.08465364078805,residential
Sample Residence_Point_1658,14.273114550091421,121.08465364078805,residential
Sample Residence_Point_1659,14.274015450992321,121.08465364078805,residential
Sample Residence_Point_1660,14.274916351893221,121.08465364078805,residential
Sample Residence_Point_1661,14.275817252794122,121.08465364078805,residential
Sample Residence_Point_1662,14.276718153695022,121.08465364078805,residential
Sample Residence_Point_1663,14.277619054595922,121.08465364078805,residential
Sample Residence_Point_1664,14.278519955496822,121.08465364078805,residential
Sample Residence_Point_1665,14.279420856397723,121.08465364078805,residential
Sample Residence_Point_1666,14.280321757298623,121.08465364078805,residential
Sample Residence_Point_1667,14.281222658199523,121.08465364078805,residential
Sample Residence_Point_1668,14.282123559100423,121.08465364078805,residential
Sample Residence_Point_1669,14.283024460001323,121.08465364078805,residential
Sample Residence_Point_1670,14.283925360902224,121.08465364078805,residential
Sample Residence_Point_1671,14.284826261803124,121.08465364078805,residential
Sample Residence_Point_1672,14.285727162704024,121.08465364078805,residential
Sample Residence_Point_1673,14.286628063604924,121.08465364078805,residential
Sample Residence_Point_1674,14.287528964505825,121.08465364078805,residential
Sample Residence_Point_1675,14.288429865406725,121.08465364078805,residential
Sample Residence_Point_1676,14.289330766307625,121.08465364078805,residential
Sample Residence_Point_1677,14.290231667208525,121.08465364078805,residential
Sample Residence_Point_1678,14.291132568109425,121.08465364078805,residential
Sample Residence_Point_1679,14.292033469010326,121.08465364078805,residential
Sample Residence_Point_1680,14.26680824378512,121.08555454168895,residential
Sample Residence_Point_1681,14.26770914468602,121.08555454168895,residential
Sample Residence_Point_1682,14.26861004558692,121.08555454168895,residential
Sample Residence_Point_1683,14.26951094648782,121.08555454168895,residential
Sample Residence_Point_1684,14.27041184738872,121.08555454168895,residential
Sample Residence_Point_1685,14.27131274828962,121.08555454168895,residential
Sample Residence_Point_1686,14.27221364919052,121.08555454168895,residential
Sample Residence_Point_1687,14.273114550091421,121.08555454168895,residential
Sample Residence_Point_1688,14.274015450992321,121.08555454168895,residential
Sample Residence_Point_1689,14.274916351893221,121.08555454168895,residential
Sample Residence_Point_1690,14.275817252794122,121.08555454168895,residential
Sample Residence_Point_1691,14.276718153695022,121.08555454168895,residential
Sample Residence_Point_1692,14.277619054595922,121.08555454168895,residential
Sample Residence_Point_1693,14.278519955496822,121.08555454168895,residential
Sample Residence_Point_1694,14.279420856397723,121.08555454168895,residential
Sample Residence_Point_1695,14.280321757298623,121.08555454168895,residential
Sample Residence_Point_1696,14.281222658199523,121.08555454168895,residential
Sample Residence_Point_1697,14.282123559100423,121.08555454168895,residential
Sample Residence_Point_1698,14.283024460001323,121.08555454168895,residential
Sample Residence_Point_1699,14.283925360902224,121.08555454168895,residential
Sample Residence_Point_1700,14.284826261803124,121.08555454168895,residential
Sample Residence_Point_1701,14.285727162704024,121.08555454168895,residential
Sample Residence_Point_1702,14.286628063604924,121.08555454168895,residential
Sample Residence_Point_1703,14.287528964505825,121.08555454168895,residential
Sample Residence_Point_1704,14.288429865406725,121.08555454168895,residential
Sample Residence_Point_1705,14.289330766307625,121.08555454168895,residential
Sample Residence_Point_1706,14.290231667208525,121.08555454168895,residential
Sample Residence_Point_1707,14.26770914468602,121.08645544258985,residential
Sample Residence_Point_1708,14.26861004558692,121.08645544258985,residential
Sample Residence_Point_1709,14.26951094648782,121.08645544258985,residential
Sample Residence_Point_1710,14.27041184738872,121.08645544258985,residential
Sample Residence_Point_1711,14.27131274828962,121.08645544258985,residential
Sample Residence_Point_1712,14.27221364919052,121.08645544258985,residential
Sample Residence_Point_1713,14.273114550091421,121.08645544258985,residential
Sample Residence_Point_1714,14.274015450992321,121.08645544258985,residential
Sample Residence_Point_1715,14.274916351893221,121.08645544258985,residential
Sample Residence_Point_1716,14.275817252794122,121.08645544258985,residential
Sample Residence_Point_1717,14.276718153695022,121.08645544258985,residential
Sample Residence_Point_1718,14.277619054595922,121.08645544258985,residential
Sample Residence_Point_1719,14.278519955496822,121.08645544258985,residential
Sample Residence_Point_1720,14.279420856397723,121.08645544258985,residential
Sample Residence_Point_1721,14.280321757298623,121.08645544258985,residential
Sample Residence_Point_1722,14.281222658199523,121.08645544258985,residential
Sample Residence_Point_1723,14.282123559100423,121.08645544258985,residential
Sample Residence_Point_1724,14.283024460001323,121.08645544258985,residential
Sample Residence_Point_1725,14.283925360902224,121.08645544258985,residential
Sample Residence_Point_1726,14.284826261803124,121.08645544258985,residential
Sample Residence_Point_1727,14.285727162704024,121.08645544258985,residential
Sample Residence_Point_1728,14.286628063604924,121.08645544258985,residential
Sample Residence_Point_1729,14.287528964505825,121.08645544258985,residential
Sample Residence_Point_1730,14.288429865406725,121.08645544258985,residential
Sample Residence_Point_1731,14.26861004558692,121.08735634349075,residential
Sample Residence_Point_1732,14.26951094648782,121.08735634349075,residential
Sample Residence_Point_1733,14.27041184738872,121.08735634349075,residential
Sample Residence_Point_1734,14.27131274828962,121.08735634349075,residential
Sample Residence_Point_1735,14.27221364919052,121.08735634349075,residential
Sample Residence_Point_1736,14.273114550091421,121.08735634349075,residential
Sample Residence_Point_1737,14.274015450992321,121.08735634349075,residential
Sample Residence_Point_1738,14.274916351893221,121.08735634349075,residential
Sample Residence_Point_1739,14.275817252794122,121.08735634349075,residential
Sample Residence_Point_1740,14.276718153695022,121.08735634349075,residential
Sample Residence_Point_1741,14.277619054595922,121.08735634349075,residential
Sample Residence_Point_1742,14.278519955496822,121.08735634349075,residential
Sample Residence_Point_1743,14.279420856397723,121.08735634349075,residential
Sample Residence_Point_1744,14.280321757298623,121.08735634349075,residential
Sample Residence_Point_1745,14.281222658199523,121.08735634349075,residential
Sample Residence_Point_1746,14.282123559100423,121.08735634349075,residential
Sample Residence_Point_1747,14.283024460001323,121.08735634349075,residential
Sample Residence_Point_1748,14.283925360902224,121.08735634349075,residential
Sample Residence_Point_1749,14.284826261803124,121.08735634349075,residential
Sample Residence_Point_1750,14.285727162704024,121.08735634349075,residential
Sample Residence_Point_1751,14.286628063604924,121.08735634349075,residential
Sample Residence_Point_1752,14.26951094648782,121.08825724439166,residential
Sample Residence_Point_1753,14.27041184738872,121.08825724439166,residential
Sample Residence_Point_1754,14.27131274828962,121.08825724439166,residential
Sample Residence_Point_1755,14.27221364919052,121.08825724439166,residential
Sample Residence_Point_1756,14.273114550091421,121.08825724439166,residential
Sample Residence_Point_1757,14.274015450992321,121.08825724439166,residential
Sample Residence_Point_1758,14.274916351893221,121.08825724439166,residential
Sample Residence_Point_1759,14.275817252794122,121.08825724439166,residential
Sample Residence_Point_1760,14.276718153695022,121.08825724439166,residential
Sample Residence_Point_1761,14.277619054595922,121.08825724439166,residential
Sample Residence_Point_1762,14.278519955496822,121.08825724439166,residential
Sample Residence_Point_1763,14.279420856397723,121.08825724439166,residential
Sample Residence_Point_1764,14.280321757298623,121.08825724439166,residential
Sample Residence_Point_1765,14.281222658199523,121.08825724439166,residential
Sample Residence_Point_1766,14.282123559100423,121.08825724439166,residential
Sample Residence_Point_1767,14.283024460001323,121.08825724439166,residential
Sample Residence_Point_1768,14.283925360902224,121.08825724439166,residential
Sample Residence_Point_1769,14.284826261803124,121.08825724439166,residential
Sample Residence_Point_1770,14.27041184738872,121.08915814529256,residential
Sample Residence_Point_1771,14.27131274828962,121.08915814529256,residential
Sample Residence_Point_1772,14.27221364919052,121.08915814529256,residential
Sample Residence_Point_1773,14.273114550091421,121.08915814529256,residential
Sample Residence_Point_1774,14.274015450992321,121.08915814529256,residential
Sample Residence_Point_1775,14.274916351893221,121.08915814529256,residential
Sample Residence_Point_1776,14.275817252794122,121.08915814529256,residential
Sample Residence_Point_1777,14.276718153695022,121.08915814529256,residential
Sample Residence_Point_1778,14.277619054595922,121.08915814529256,residential
Sample Residence_Point_1779,14.278519955496822,121.08915814529256,residential
Sample Residence_Point_1780,14.279420856397723,121.08915814529256,residential
Sample Residence_Point_1781,14.280321757298623,121.08915814529256,residential
Sample Residence_Point_1782,14.281222658199523,121.08915814529256,residential
Sample Residence_Point_1783,14.282123559100423,121.08915814529256,residential
Sample Residence_Point_1784,14.283024460001323,121.08915814529256,residential
Sample Residence_Point_1785,14.27131274828962,121.09005904619346,residential
Sample Residence_Point_1786,14.27221364919052,121.09005904619346,residential
Sample Residence_Point_1787,14.273114550091421,121.09005904619346,residential
Sample Residence_Point_1788,14.274015450992321,121.09005904619346,residential
Sample Residence_Point_1789,14.274916351893221,121.09005904619346,residential
Sample Residence_Point_1790,14.275817252794122,121.09005904619346,residential
Sample Residence_Point_1791,14.276718153695022,121.09005904619346,residential
Sample Residence_Point_1792,14.277619054595922,121.09005904619346,residential
Sample Residence_Point_1793,14.278519955496822,121.09005904619346,residential
Sample Residence_Point_1794,14.279420856397723,121.09005904619346,residential
Sample Residence_Point_1795,14.280321757298623,121.09005904619346,residential
Sample Residence_Point_1796,14.281222658199523,121.09005904619346,residential
Sample Residence_Point_1797,14.27221364919052,121.09095994709436,residential
Sample Residence_Point_1798,14.273114550091421,121.09095994709436,residential
Sample Residence_Point_1799,14.274015450992321,121.09095994709436,residential
Sample Residence_Point_1800,14.274916351893221,121.09095994709436,residential
Sample Residence_Point_1801,14.275817252794122,121.09095994709436,residential
Sample Residence_Point_1802,14.276718153695022,121.09095994709436,residential
Sample Residence_Point_1803,14.277619054595922,121.09095994709436,residential
Sample Residence_Point_1804,14.278519955496822,121.09095994709436,residential
Sample Residence_Point_1805,14.279420856397723,121.09095994709436,residential
Sample Residence_Point_1806,14.273114550091421,121.09186084799526,residential
Sample Residence_Point_1807,14.274015450992321,121.09186084799526,residential
Sample Residence_Point_1808,14.274916351893221,121.09186084799526,residential
Sample Residence_Point_1809,14.275817252794122,121.09186084799526,residential
Sample Residence_Point_1810,14.276718153695022,121.09186084799526,residential
Sample Residence_Point_1811,14.277619054595922,121.09186084799526,residential
Sample Residence_Point_1812,14.274015450992321,121.09276174889617,residential
Sample Residence_Point_1813,14.274916351893221,121.09276174889617,residential
Sample Residence_Point_1814,14.275817252794122,121.09276174889617,residential
