Facility,Lat,Long,Archetype
Dummy Facility 1,12.30177,125.128184,Factory
Dummy Facility 2,9.837535,124.057677,Warehouse
Dummy Facility 3,8.757356,117.56398,Factory
Dummy Facility 4,12.912955,121.26193,Mall
Dummy Facility 5,8.303814,126.201083,Power Plant
Dummy Facility 6,15.971699,120.74245,Power Plant
Dummy Facility 7,9.809249,118.665864,Warehouse
Dummy Facility 8,13.879938,122.846187,Factory
Dummy Facility 9,18.147831,120.785939,Power Plant
Dummy Facility 10,7.801026,122.576287,Mall
Cagayan de Oro,8.168282327104725,124.67697140932098,default archetype
Agusan,8.337209633875881,124.80061304655058,default archetype
Cugman,8.368571006640744,124.75107552668307,default archetype
Bigaan,8.400180564988402,124.69321092433884,default archetype
Iponan,8.352811232967282,124.50264582548692,default archetype
Sample Residence,14.27096777116082,121.06895860098932,residential
Sample Residence_Point_1,14.25131689867114,121.05110221866143,residential
Sample Residence_Point_2,14.25221779957204,121.05110221866143,residential
Sample Residence_Point_3,14.25311870047294,121.05110221866143,residential
Sample Residence_Point_4,14.254019601373841,121.05110221866143,residential
Sample Residence_Point_5,14.254920502274741,121.05110221866143,residential
Sample Residence_Point_6,14.255821403175641,121.05110221866143,residential
Sample Residence_Point_7,14.256722304076542,121.05110221866143,residential
Sample Residence_Point_8,14.257623204977442,121.05110221866143,residential
Sample Residence_Point_9,14.258524105878342,121.05110221866143,residential
Sample Residence_Point_10,14.259425006779242,121.05110221866143,residential
Sample Residence_Point_11,14.260325907680143,121.05110221866143,residential
Sample Residence_Point_12,14.261226808581043,121.05110221866143,residential
Sample Residence_Point_13,14.262127709481943,121.05110221866143,residential
Sample Residence_Point_14,14.263028610382843,121.05110221866143,residential
Sample Residence_Point_15,14.263929511283743,121.05110221866143,residential
Sample Residence_Point_16,14.264830412184644,121.05110221866143,residential
Sample Residence_Point_17,14.265731313085544,121.05110221866143,residential
Sample Residence_Point_18,14.266632213986444,121.05110221866143,residential
Sample Residence_Point_19,14.267533114887344,121.05110221866143,residential
Sample Residence_Point_20,14.268434015788245,121.05110221866143,residential
Sample Residence_Point_21,14.269334916689145,121.05110221866143,residential
Sample Residence_Point_22,14.270235817590045,121.05110221866143,residential
Sample Residence_Point_23,14.271136718490945,121.05110221866143,residential
Sample Residence_Point_24,14.272037619391845,121.05110221866143,residential
Sample Residence_Point_25,14.272938520292746,121.05110221866143,residential
Sample Residence_Point_26,14.273839421193646,121.05110221866143,residential
Sample Residence_Point_27,14.274740322094546,121.05110221866143,residential
Sample Residence_Point_28,14.275641222995446,121.05110221866143,residential
Sample Residence_Point_29,14.233298880653136,121.05200311956233,residential
Sample Residence_Point_30,14.234199781554036,121.05200311956233,residential
Sample Residence_Point_31,14.235100682454936,121.05200311956233,residential
Sample Residence_Point_32,14.236001583355836,121.05200311956233,residential
Sample Residence_Point_33,14.236902484256737,121.05200311956233,residential
Sample Residence_Point_34,14.237803385157637,121.05200311956233,residential
Sample Residence_Point_35,14.238704286058537,121.05200311956233,residential
Sample Residence_Point_36,14.239605186959437,121.05200311956233,residential
Sample Residence_Point_37,14.240506087860338,121.05200311956233,residential
Sample Residence_Point_38,14.241406988761238,121.05200311956233,residential
Sample Residence_Point_39,14.242307889662138,121.05200311956233,residential
Sample Residence_Point_40,14.243208790563038,121.05200311956233,residential
Sample Residence_Point_41,14.244109691463938,121.05200311956233,residential
Sample Residence_Point_42,14.245010592364839,121.05200311956233,residential
Sample Residence_Point_43,14.245911493265739,121.05200311956233,residential
Sample Residence_Point_44,14.24681239416664,121.05200311956233,residential
Sample Residence_Point_45,14.24771329506754,121.05200311956233,residential
Sample Residence_Point_46,14.24861419596844,121.05200311956233,residential
Sample Residence_Point_47,14.24951509686934,121.05200311956233,residential
Sample Residence_Point_48,14.25041599777024,121.05200311956233,residential
Sample Residence_Point_49,14.25131689867114,121.05200311956233,residential
Sample Residence_Point_50,14.25221779957204,121.05200311956233,residential
Sample Residence_Point_51,14.25311870047294,121.05200311956233,residential
Sample Residence_Point_52,14.254019601373841,121.05200311956233,residential
Sample Residence_Point_53,14.254920502274741,121.05200311956233,residential
Sample Residence_Point_54,14.255821403175641,121.05200311956233,residential
Sample Residence_Point_55,14.256722304076542,121.05200311956233,residential
Sample Residence_Point_56,14.257623204977442,121.05200311956233,residential
Sample Residence_Point_57,14.258524105878342,121.05200311956233,residential
Sample Residence_Point_58,14.259425006779242,121.05200311956233,residential
Sample Residence_Point_59,14.260325907680143,121.05200311956233,residential
Sample Residence_Point_60,14.261226808581043,121.05200311956233,residential
Sample Residence_Point_61,14.262127709481943,121.05200311956233,residential
Sample Residence_Point_62,14.263028610382843,121.05200311956233,residential
Sample Residence_Point_63,14.263929511283743,121.05200311956233,residential
Sample Residence_Point_64,14.264830412184644,121.05200311956233,residential
Sample Residence_Point_65,14.265731313085544,121.05200311956233,residential
Sample Residence_Point_66,14.266632213986444,121.05200311956233,residential
Sample Residence_Point_67,14.267533114887344,121.05200311956233,residential
Sample Residence_Point_68,14.268434015788245,121.05200311956233,residential
Sample Residence_Point_69,14.269334916689145,121.05200311956233,residential
Sample Residence_Point_70,14.270235817590045,121.05200311956233,residential
Sample Residence_Point_71,14.271136718490945,121.05200311956233,residential
Sample Residence_Point_72,14.272037619391845,121.05200311956233,residential
Sample Residence_Point_73,14.272938520292746,121.05200311956233,residential
Sample Residence_Point_74,14.273839421193646,121.05200311956233,residential
Sample Residence_Point_75,14.274740322094546,121.05200311956233,residential
Sample Residence_Point_76,14.275641222995446,121.05200311956233,residential
Sample Residence_Point_77,14.234199781554036,121.05290402046323,residential
Sample Residence_Point_78,14.235100682454936,121.05290402046323,residential
Sample Residence_Point_79,14.236001583355836,121.05290402046323,residential
Sample Residence_Point_80,14.236902484256737,121.05290402046323,residential
Sample Residence_Point_81,14.237803385157637,121.05290402046323,residential
Sample Residence_Point_82,14.238704286058537,121.05290402046323,residential
Sample Residence_Point_83,14.239605186959437,121.05290402046323,residential
Sample Residence_Point_84,14.240506087860338,121.05290402046323,residential
Sample Residence_Point_85,14.241406988761238,121.05290402046323,residential
Sample Residence_Point_86,14.242307889662138,121.05290402046323,residential
Sample Residence_Point_87,14.243208790563038,121.05290402046323,residential
Sample Residence_Point_88,14.244109691463938,121.05290402046323,residential
Sample Residence_Point_89,14.245010592364839,121.05290402046323,residential
Sample Residence_Point_90,14.245911493265739,121.05290402046323,residential
Sample Residence_Point_91,14.24681239416664,121.05290402046323,residential
Sample Residence_Point_92,14.24771329506754,121.05290402046323,residential
Sample Residence_Point_93,14.24861419596844,121.05290402046323,residential
Sample Residence_Point_94,14.24951509686934,121.05290402046323,residential
Sample Residence_Point_95,14.25041599777024,121.05290402046323,residential
Sample Residence_Point_96,14.25131689867114,121.05290402046323,residential
Sample Residence_Point_97,14.25221779957204,121.05290402046323,residential
Sample Residence_Point_98,14.25311870047294,121.05290402046323,residential
Sample Residence_Point_99,14.254019601373841,121.05290402046323,residential
Sample Residence_Point_100,14.254920502274741,121.05290402046323,residential
Sample Residence_Point_101,14.255821403175641,121.05290402046323,residential
Sample Residence_Point_102,14.256722304076542,121.05290402046323,residential
Sample Residence_Point_103,14.257623204977442,121.05290402046323,residential
Sample Residence_Point_104,14.258524105878342,121.05290402046323,residential
Sample Residence_Point_105,14.259425006779242,121.05290402046323,residential
Sample Residence_Point_106,14.260325907680143,121.05290402046323,residential
Sample Residence_Point_107,14.261226808581043,121.05290402046323,residential
Sample Residence_Point_108,14.262127709481943,121.05290402046323,residential
Sample Residence_Point_109,14.263028610382843,121.05290402046323,residential
Sample Residence_Point_110,14.263929511283743,121.05290402046323,residential
Sample Residence_Point_111,14.264830412184644,121.05290402046323,residential
Sample Residence_Point_112,14.265731313085544,121.05290402046323,residential
Sample Residence_Point_113,14.266632213986444,121.05290402046323,residential
Sample Residence_Point_114,14.267533114887344,121.05290402046323,residential
Sample Residence_Point_115,14.268434015788245,121.05290402046323,residential
Sample Residence_Point_116,14.269334916689145,121.05290402046323,residential
Sample Residence_Point_117,14.270235817590045,121.05290402046323,residential
Sample Residence_Point_118,14.271136718490945,121.05290402046323,residential
Sample Residence_Point_119,14.272037619391845,121.05290402046323,residential
Sample Residence_Point_120,14.272938520292746,121.05290402046323,residential
Sample Residence_Point_121,14.273839421193646,121.05290402046323,residential
Sample Residence_Point_122,14.274740322094546,121.05290402046323,residential
Sample Residence_Point_123,14.275641222995446,121.05290402046323,residential
Sample Residence_Point_124,14.276542123896347,121.05290402046323,residential
Sample Residence_Point_125,14.235100682454936,121.05380492136413,residential
Sample Residence_Point_126,14.236001583355836,121.05380492136413,residential
Sample Residence_Point_127,14.236902484256737,121.05380492136413,residential
Sample Residence_Point_128,14.237803385157637,121.05380492136413,residential
Sample Residence_Point_129,14.238704286058537,121.05380492136413,residential
Sample Residence_Point_130,14.239605186959437,121.05380492136413,residential
Sample Residence_Point_131,14.240506087860338,121.05380492136413,residential
Sample Residence_Point_132,14.241406988761238,121.05380492136413,residential
Sample Residence_Point_133,14.242307889662138,121.05380492136413,residential
Sample Residence_Point_134,14.243208790563038,121.05380492136413,residential
Sample Residence_Point_135,14.244109691463938,121.05380492136413,residential
Sample Residence_Point_136,14.245010592364839,121.05380492136413,residential
Sample Residence_Point_137,14.245911493265739,121.05380492136413,residential
Sample Residence_Point_138,14.24681239416664,121.05380492136413,residential
Sample Residence_Point_139,14.24771329506754,121.05380492136413,residential
Sample Residence_Point_140,14.24861419596844,121.05380492136413,residential
Sample Residence_Point_141,14.24951509686934,121.05380492136413,residential
Sample Residence_Point_142,14.25041599777024,121.05380492136413,residential
Sample Residence_Point_143,14.25131689867114,121.05380492136413,residential
Sample Residence_Point_144,14.25221779957204,121.05380492136413,residential
Sample Residence_Point_145,14.25311870047294,121.05380492136413,residential
Sample Residence_Point_146,14.254019601373841,121.05380492136413,residential
Sample Residence_Point_147,14.254920502274741,121.05380492136413,residential
Sample Residence_Point_148,14.255821403175641,121.05380492136413,residential
Sample Residence_Point_149,14.256722304076542,121.05380492136413,residential
Sample Residence_Point_150,14.257623204977442,121.05380492136413,residential
Sample Residence_Point_151,14.258524105878342,121.05380492136413,residential
Sample Residence_Point_152,14.259425006779242,121.05380492136413,residential
Sample Residence_Point_153,14.260325907680143,121.05380492136413,residential
Sample Residence_Point_154,14.261226808581043,121.05380492136413,residential
Sample Residence_Point_155,14.262127709481943,121.05380492136413,residential
Sample Residence_Point_156,14.263028610382843,121.05380492136413,residential
Sample Residence_Point_157,14.263929511283743,121.05380492136413,residential
Sample Residence_Point_158,14.264830412184644,121.05380492136413,residential
Sample Residence_Point_159,14.265731313085544,121.05380492136413,residential
Sample Residence_Point_160,14.266632213986444,121.05380492136413,residential
Sample Residence_Point_161,14.267533114887344,121.05380492136413,residential
Sample Residence_Point_162,14.268434015788245,121.05380492136413,residential
Sample Residence_Point_163,14.269334916689145,121.05380492136413,residential
Sample Residence_Point_164,14.270235817590045,121.05380492136413,residential
Sample Residence_Point_165,14.271136718490945,121.05380492136413,residential
Sample Residence_Point_166,14.272037619391845,121.05380492136413,residential
Sample Residence_Point_167,14.272938520292746,121.05380492136413,residential
Sample Residence_Point_168,14.273839421193646,121.05380492136413,residential
Sample Residence_Point_169,14.274740322094546,121.05380492136413,residential
Sample Residence_Point_170,14.275641222995446,121.05380492136413,residential
Sample Residence_Point_171,14.276542123896347,121.05380492136413,residential
Sample Residence_Point_172,14.277443024797247,121.05380492136413,residential
Sample Residence_Point_173,14.236001583355836,121.05470582226503,residential
Sample Residence_Point_174,14.236902484256737,121.05470582226503,residential
Sample Residence_Point_175,14.237803385157637,121.05470582226503,residential
Sample Residence_Point_176,14.238704286058537,121.05470582226503,residential
Sample Residence_Point_177,14.239605186959437,121.05470582226503,residential
Sample Residence_Point_178,14.240506087860338,121.05470582226503,residential
Sample Residence_Point_179,14.241406988761238,121.05470582226503,residential
Sample Residence_Point_180,14.242307889662138,121.05470582226503,residential
Sample Residence_Point_181,14.243208790563038,121.05470582226503,residential
Sample Residence_Point_182,14.244109691463938,121.05470582226503,residential
Sample Residence_Point_183,14.245010592364839,121.05470582226503,residential
Sample Residence_Point_184,14.245911493265739,121.05470582226503,residential
Sample Residence_Point_185,14.24681239416664,121.05470582226503,residential
Sample Residence_Point_186,14.24771329506754,121.05470582226503,residential
Sample Residence_Point_187,14.24861419596844,121.05470582226503,residential
Sample Residence_Point_188,14.24951509686934,121.05470582226503,residential
Sample Residence_Point_189,14.25041599777024,121.05470582226503,residential
Sample Residence_Point_190,14.25131689867114,121.05470582226503,residential
Sample Residence_Point_191,14.25221779957204,121.05470582226503,residential
Sample Residence_Point_192,14.25311870047294,121.05470582226503,residential
Sample Residence_Point_193,14.254019601373841,121.05470582226503,residential
Sample Residence_Point_194,14.254920502274741,121.05470582226503,residential
Sample Residence_Point_195,14.255821403175641,121.05470582226503,residential
Sample Residence_Point_196,14.256722304076542,121.05470582226503,residential
Sample Residence_Point_197,14.257623204977442,121.05470582226503,residential
Sample Residence_Point_198,14.258524105878342,121.05470582226503,residential
Sample Residence_Point_199,14.259425006779242,121.05470582226503,residential
Sample Residence_Point_200,14.260325907680143,121.05470582226503,residential
Sample Residence_Point_201,14.261226808581043,121.05470582226503,residential
Sample Residence_Point_202,14.262127709481943,121.05470582226503,residential
Sample Residence_Point_203,14.263028610382843,121.05470582226503,residential
Sample Residence_Point_204,14.263929511283743,121.05470582226503,residential
Sample Residence_Point_205,14.264830412184644,121.05470582226503,residential
Sample Residence_Point_206,14.265731313085544,121.05470582226503,residential
Sample Residence_Point_207,14.266632213986444,121.05470582226503,residential
Sample Residence_Point_208,14.267533114887344,121.05470582226503,residential
Sample Residence_Point_209,14.268434015788245,121.05470582226503,residential
Sample Residence_Point_210,14.269334916689145,121.05470582226503,residential
Sample Residence_Point_211,14.270235817590045,121.05470582226503,residential
Sample Residence_Point_212,14.271136718490945,121.05470582226503,residential
Sample Residence_Point_213,14.272037619391845,121.05470582226503,residential
Sample Residence_Point_214,14.272938520292746,121.05470582226503,residential
Sample Residence_Point_215,14.273839421193646,121.05470582226503,residential
Sample Residence_Point_216,14.274740322094546,121.05470582226503,residential
Sample Residence_Point_217,14.275641222995446,121.05470582226503,residential
Sample Residence_Point_218,14.276542123896347,121.05470582226503,residential
Sample Residence_Point_219,14.277443024797247,121.05470582226503,residential
Sample Residence_Point_220,14.278343925698147,121.05470582226503,residential
Sample Residence_Point_221,14.236902484256737,121.05560672316594,residential
Sample Residence_Point_222,14.237803385157637,121.05560672316594,residential
Sample Residence_Point_223,14.238704286058537,121.05560672316594,residential
Sample Residence_Point_224,14.239605186959437,121.05560672316594,residential
Sample Residence_Point_225,14.240506087860338,121.05560672316594,residential
Sample Residence_Point_226,14.241406988761238,121.05560672316594,residential
Sample Residence_Point_227,14.242307889662138,121.05560672316594,residential
Sample Residence_Point_228,14.243208790563038,121.05560672316594,residential
Sample Residence_Point_229,14.244109691463938,121.05560672316594,residential
Sample Residence_Point_230,14.245010592364839,121.05560672316594,residential
Sample Residence_Point_231,14.245911493265739,121.05560672316594,residential
Sample Residence_Point_232,14.24681239416664,121.05560672316594,residential
Sample Residence_Point_233,14.24771329506754,121.05560672316594,residential
Sample Residence_Point_234,14.24861419596844,121.05560672316594,residential
Sample Residence_Point_235,14.24951509686934,121.05560672316594,residential
Sample Residence_Point_236,14.25041599777024,121.05560672316594,residential
Sample Residence_Point_237,14.25131689867114,121.05560672316594,residential
Sample Residence_Point_238,14.25221779957204,121.05560672316594,residential
Sample Residence_Point_239,14.25311870047294,121.05560672316594,residential
Sample Residence_Point_240,14.254019601373841,121.05560672316594,residential
Sample Residence_Point_241,14.254920502274741,121.05560672316594,residential
Sample Residence_Point_242,14.255821403175641,121.05560672316594,residential
Sample Residence_Point_243,14.256722304076542,121.05560672316594,residential
Sample Residence_Point_244,14.257623204977442,121.05560672316594,residential
Sample Residence_Point_245,14.258524105878342,121.05560672316594,residential
Sample Residence_Point_246,14.259425006779242,121.05560672316594,residential
Sample Residence_Point_247,14.260325907680143,121.05560672316594,residential
Sample Residence_Point_248,14.261226808581043,121.05560672316594,residential
Sample Residence_Point_249,14.262127709481943,121.05560672316594,residential
Sample Residence_Point_250,14.263028610382843,121.05560672316594,residential
Sample Residence_Point_251,14.263929511283743,121.05560672316594,residential
Sample Residence_Point_252,14.264830412184644,121.05560672316594,residential
Sample Residence_Point_253,14.265731313085544,121.05560672316594,residential
Sample Residence_Point_254,14.266632213986444,121.05560672316594,residential
Sample Residence_Point_255,14.267533114887344,121.05560672316594,residential
Sample Residence_Point_256,14.268434015788245,121.05560672316594,residential
Sample Residence_Point_257,14.269334916689145,121.05560672316594,residential
Sample Residence_Point_258,14.270235817590045,121.05560672316594,residential
Sample Residence_Point_259,14.271136718490945,121.05560672316594,residential
Sample Residence_Point_260,14.272037619391845,121.05560672316594,residential
Sample Residence_Point_261,14.272938520292746,121.05560672316594,residential
Sample Residence_Point_262,14.273839421193646,121.05560672316594,residential
Sample Residence_Point_263,14.274740322094546,121.05560672316594,residential
Sample Residence_Point_264,14.275641222995446,121.05560672316594,residential
Sample Residence_Point_265,14.276542123896347,121.05560672316594,residential
Sample Residence_Point_266,14.277443024797247,121.05560672316594,residential
Sample Residence_Point_267,14.278343925698147,121.05560672316594,residential
Sample Residence_Point_268,14.279244826599047,121.05560672316594,residential
Sample Residence_Point_269,14.237803385157637,121.05650762406684,residential
Sample Residence_Point_270,14.238704286058537,121.05650762406684,residential
Sample Residence_Point_271,14.239605186959437,121.05650762406684,residential
Sample Residence_Point_272,14.240506087860338,121.05650762406684,residential
Sample Residence_Point_273,14.241406988761238,121.05650762406684,residential
Sample Residence_Point_274,14.242307889662138,121.05650762406684,residential
Sample Residence_Point_275,14.243208790563038,121.05650762406684,residential
Sample Residence_Point_276,14.244109691463938,121.05650762406684,residential
Sample Residence_Point_277,14.245010592364839,121.05650762406684,residential
Sample Residence_Point_278,14.245911493265739,121.05650762406684,residential
Sample Residence_Point_279,14.24681239416664,121.05650762406684,residential
Sample Residence_Point_280,14.24771329506754,121.05650762406684,residential
Sample Residence_Point_281,14.24861419596844,121.05650762406684,residential
Sample Residence_Point_282,14.24951509686934,121.05650762406684,residential
Sample Residence_Point_283,14.25041599777024,121.05650762406684,residential
Sample Residence_Point_284,14.25131689867114,121.05650762406684,residential
Sample Residence_Point_285,14.25221779957204,121.05650762406684,residential
Sample Residence_Point_286,14.25311870047294,121.05650762406684,residential
Sample Residence_Point_287,14.254019601373841,121.05650762406684,residential
Sample Residence_Point_288,14.254920502274741,121.05650762406684,residential
Sample Residence_Point_289,14.255821403175641,121.05650762406684,residential
Sample Residence_Point_290,14.256722304076542,121.05650762406684,residential
Sample Residence_Point_291,14.257623204977442,121.05650762406684,residential
Sample Residence_Point_292,14.258524105878342,121.05650762406684,residential
Sample Residence_Point_293,14.259425006779242,121.05650762406684,residential
Sample Residence_Point_294,14.260325907680143,121.05650762406684,residential
Sample Residence_Point_295,14.261226808581043,121.05650762406684,residential
Sample Residence_Point_296,14.262127709481943,121.05650762406684,residential
Sample Residence_Point_297,14.263028610382843,121.05650762406684,residential
Sample Residence_Point_298,14.263929511283743,121.05650762406684,residential
Sample Residence_Point_299,14.264830412184644,121.05650762406684,residential
Sample Residence_Point_300,14.265731313085544,121.05650762406684,residential
Sample Residence_Point_301,14.266632213986444,121.05650762406684,residential
Sample Residence_Point_302,14.267533114887344,121.05650762406684,residential
Sample Residence_Point_303,14.268434015788245,121.05650762406684,residential
Sample Residence_Point_304,14.269334916689145,121.05650762406684,residential
Sample Residence_Point_305,14.270235817590045,121.05650762406684,residential
Sample Residence_Point_306,14.271136718490945,121.05650762406684,residential
Sample Residence_Point_307,14.272037619391845,121.05650762406684,residential
Sample Residence_Point_308,14.272938520292746,121.05650762406684,residential
Sample Residence_Point_309,14.273839421193646,121.05650762406684,residential
Sample Residence_Point_310,14.274740322094546,121.05650762406684,residential
Sample Residence_Point_311,14.275641222995446,121.05650762406684,residential
Sample Residence_Point_312,14.276542123896347,121.05650762406684,residential
Sample Residence_Point_313,14.277443024797247,121.05650762406684,residential
Sample Residence_Point_314,14.278343925698147,121.05650762406684,residential
Sample Residence_Point_315,14.279244826599047,121.05650762406684,residential
Sample Residence_Point_316,14.238704286058537,121.05740852496774,residential
Sample Residence_Point_317,14.239605186959437,121.05740852496774,residential
Sample Residence_Point_318,14.240506087860338,121.05740852496774,residential
Sample Residence_Point_319,14.241406988761238,121.05740852496774,residential
Sample Residence_Point_320,14.242307889662138,121.05740852496774,residential
Sample Residence_Point_321,14.243208790563038,121.05740852496774,residential
Sample Residence_Point_322,14.244109691463938,121.05740852496774,residential
Sample Residence_Point_323,14.245010592364839,121.05740852496774,residential
Sample Residence_Point_324,14.245911493265739,121.05740852496774,residential
Sample Residence_Point_325,14.24681239416664,121.05740852496774,residential
Sample Residence_Point_326,14.24771329506754,121.05740852496774,residential
Sample Residence_Point_327,14.24861419596844,121.05740852496774,residential
Sample Residence_Point_328,14.24951509686934,121.05740852496774,residential
Sample Residence_Point_329,14.25041599777024,121.05740852496774,residential
Sample Residence_Point_330,14.25131689867114,121.05740852496774,residential
Sample Residence_Point_331,14.25221779957204,121.05740852496774,residential
Sample Residence_Point_332,14.25311870047294,121.05740852496774,residential
Sample Residence_Point_333,14.254019601373841,121.05740852496774,residential
Sample Residence_Point_334,14.254920502274741,121.05740852496774,residential
Sample Residence_Point_335,14.255821403175641,121.05740852496774,residential
Sample Residence_Point_336,14.256722304076542,121.05740852496774,residential
Sample Residence_Point_337,14.257623204977442,121.05740852496774,residential
Sample Residence_Point_338,14.258524105878342,121.05740852496774,residential
Sample Residence_Point_339,14.259425006779242,121.05740852496774,residential
Sample Residence_Point_340,14.260325907680143,121.05740852496774,residential
Sample Residence_Point_341,14.261226808581043,121.05740852496774,residential
Sample Residence_Point_342,14.262127709481943,121.05740852496774,residential
Sample Residence_Point_343,14.263028610382843,121.05740852496774,residential
Sample Residence_Point_344,14.263929511283743,121.05740852496774,residential
Sample Residence_Point_345,14.264830412184644,121.05740852496774,residential
Sample Residence_Point_346,14.265731313085544,121.05740852496774,residential
Sample Residence_Point_347,14.266632213986444,121.05740852496774,residential
Sample Residence_Point_348,14.267533114887344,121.05740852496774,residential
Sample Residence_Point_349,14.268434015788245,121.05740852496774,residential
Sample Residence_Point_350,14.269334916689145,121.05740852496774,residential
Sample Residence_Point_351,14.270235817590045,121.05740852496774,residential
Sample Residence_Point_352,14.271136718490945,121.05740852496774,residential
Sample Residence_Point_353,14.272037619391845,121.05740852496774,residential
Sample Residence_Point_354,14.272938520292746,121.05740852496774,residential
Sample Residence_Point_355,14.273839421193646,121.05740852496774,residential
Sample Residence_Point_356,14.274740322094546,121.05740852496774,residential
Sample Residence_Point_357,14.275641222995446,121.05740852496774,residential
Sample Residence_Point_358,14.276542123896347,121.05740852496774,residential
Sample Residence_Point_359,14.277443024797247,121.05740852496774,residential
Sample Residence_Point_360,14.278343925698147,121.05740852496774,residential
Sample Residence_Point_361,14.279244826599047,121.05740852496774,residential
Sample Residence_Point_362,14.280145727499947,121.05740852496774,residential
Sample Residence_Point_363,14.239605186959437,121.05830942586864,residential
Sample Residence_Point_364,14.240506087860338,121.05830942586864,residential
Sample Residence_Point_365,14.241406988761238,121.05830942586864,residential
Sample Residence_Point_366,14.242307889662138,121.05830942586864,residential
Sample Residence_Point_367,14.243208790563038,121.05830942586864,residential
Sample Residence_Point_368,14.244109691463938,121.05830942586864,residential
Sample Residence_Point_369,14.245010592364839,121.05830942586864,residential
Sample Residence_Point_370,14.245911493265739,121.05830942586864,residential
Sample Residence_Point_371,14.24681239416664,121.05830942586864,residential
Sample Residence_Point_372,14.24771329506754,121.05830942586864,residential
Sample Residence_Point_373,14.24861419596844,121.05830942586864,residential
Sample Residence_Point_374,14.24951509686934,121.05830942586864,residential
Sample Residence_Point_375,14.25041599777024,121.05830942586864,residential
Sample Residence_Point_376,14.25131689867114,121.05830942586864,residential
Sample Residence_Point_377,14.25221779957204,121.05830942586864,residential
Sample Residence_Point_378,14.25311870047294,121.05830942586864,residential
Sample Residence_Point_379,14.254019601373841,121.05830942586864,residential
Sample Residence_Point_380,14.254920502274741,121.05830942586864,residential
Sample Residence_Point_381,14.255821403175641,121.05830942586864,residential
Sample Residence_Point_382,14.256722304076542,121.05830942586864,residential
Sample Residence_Point_383,14.257623204977442,121.05830942586864,residential
Sample Residence_Point_384,14.258524105878342,121.05830942586864,residential
Sample Residence_Point_385,14.259425006779242,121.05830942586864,residential
Sample Residence_Point_386,14.260325907680143,121.05830942586864,residential
Sample Residence_Point_387,14.261226808581043,121.05830942586864,residential
Sample Residence_Point_388,14.262127709481943,121.05830942586864,residential
Sample Residence_Point_389,14.263028610382843,121.05830942586864,residential
Sample Residence_Point_390,14.263929511283743,121.05830942586864,residential
Sample Residence_Point_391,14.264830412184644,121.05830942586864,residential
Sample Residence_Point_392,14.265731313085544,121.05830942586864,residential
Sample Residence_Point_393,14.266632213986444,121.05830942586864,residential
Sample Residence_Point_394,14.267533114887344,121.05830942586864,residential
Sample Residence_Point_395,14.268434015788245,121.05830942586864,residential
Sample Residence_Point_396,14.269334916689145,121.05830942586864,residential
Sample Residence_Point_397,14.270235817590045,121.05830942586864,residential
Sample Residence_Point_398,14.271136718490945,121.05830942586864,residential
Sample Residence_Point_399,14.272037619391845,121.05830942586864,residential
Sample Residence_Point_400,14.272938520292746,121.05830942586864,residential
Sample Residence_Point_401,14.273839421193646,121.05830942586864,residential
Sample Residence_Point_402,14.274740322094546,121.05830942586864,residential
Sample Residence_Point_403,14.275641222995446,121.05830942586864,residential
Sample Residence_Point_404,14.276542123896347,121.05830942586864,residential
Sample Residence_Point_405,14.277443024797247,121.05830942586864,residential
Sample Residence_Point_406,14.278343925698147,121.05830942586864,residential
Sample Residence_Point_407,14.279244826599047,121.05830942586864,residential
Sample Residence_Point_408,14.280145727499947,121.05830942586864,residential
Sample Residence_Point_409,14.281046628400848,121.05830942586864,residential
Sample Residence_Point_410,14.240506087860338,121.05921032676954,residential
Sample Residence_Point_411,14.241406988761238,121.05921032676954,residential
Sample Residence_Point_412,14.242307889662138,121.05921032676954,residential
Sample Residence_Point_413,14.243208790563038,121.05921032676954,residential
Sample Residence_Point_414,14.244109691463938,121.05921032676954,residential
Sample Residence_Point_415,14.245010592364839,121.05921032676954,residential
Sample Residence_Point_416,14.245911493265739,121.05921032676954,residential
Sample Residence_Point_417,14.24681239416664,121.05921032676954,residential
Sample Residence_Point_418,14.24771329506754,121.05921032676954,residential
Sample Residence_Point_419,14.24861419596844,121.05921032676954,residential
Sample Residence_Point_420,14.24951509686934,121.05921032676954,residential
Sample Residence_Point_421,14.25041599777024,121.05921032676954,residential
Sample Residence_Point_422,14.25131689867114,121.05921032676954,residential
Sample Residence_Point_423,14.25221779957204,121.05921032676954,residential
Sample Residence_Point_424,14.25311870047294,121.05921032676954,residential
Sample Residence_Point_425,14.254019601373841,121.05921032676954,residential
Sample Residence_Point_426,14.254920502274741,121.05921032676954,residential
Sample Residence_Point_427,14.255821403175641,121.05921032676954,residential
Sample Residence_Point_428,14.256722304076542,121.05921032676954,residential
Sample Residence_Point_429,14.257623204977442,121.05921032676954,residential
Sample Residence_Point_430,14.258524105878342,121.05921032676954,residential
Sample Residence_Point_431,14.259425006779242,121.05921032676954,residential
Sample Residence_Point_432,14.260325907680143,121.05921032676954,residential
Sample Residence_Point_433,14.261226808581043,121.05921032676954,residential
Sample Residence_Point_434,14.262127709481943,121.05921032676954,residential
Sample Residence_Point_435,14.263028610382843,121.05921032676954,residential
Sample Residence_Point_436,14.263929511283743,121.05921032676954,residential
Sample Residence_Point_437,14.264830412184644,121.05921032676954,residential
Sample Residence_Point_438,14.265731313085544,121.05921032676954,residential
Sample Residence_Point_439,14.266632213986444,121.05921032676954,residential
Sample Residence_Point_440,14.267533114887344,121.05921032676954,residential
Sample Residence_Point_441,14.268434015788245,121.05921032676954,residential
Sample Residence_Point_442,14.269334916689145,121.05921032676954,residential
Sample Residence_Point_443,14.270235817590045,121.05921032676954,residential
Sample Residence_Point_444,14.271136718490945,121.05921032676954,residential
Sample Residence_Point_445,14.272037619391845,121.05921032676954,residential
Sample Residence_Point_446,14.272938520292746,121.05921032676954,residential
Sample Residence_Point_447,14.273839421193646,121.05921032676954,residential
Sample Residence_Point_448,14.274740322094546,121.05921032676954,residential
Sample Residence_Point_449,14.275641222995446,121.05921032676954,residential
Sample Residence_Point_450,14.276542123896347,121.05921032676954,residential
Sample Residence_Point_451,14.277443024797247,121.05921032676954,residential
Sample Residence_Point_452,14.278343925698147,121.05921032676954,residential
Sample Residence_Point_453,14.279244826599047,121.05921032676954,residential
Sample Residence_Point_454,14.280145727499947,121.05921032676954,residential
Sample Residence_Point_455,14.281046628400848,121.05921032676954,residential
Sample Residence_Point_456,14.281947529301748,121.05921032676954,residential
Sample Residence_Point_457,14.242307889662138,121.06011122767045,residential
Sample Residence_Point_458,14.243208790563038,121.06011122767045,residential
Sample Residence_Point_459,14.244109691463938,121.06011122767045,residential
Sample Residence_Point_460,14.245010592364839,121.06011122767045,residential
Sample Residence_Point_461,14.245911493265739,121.06011122767045,residential
Sample Residence_Point_462,14.24681239416664,121.06011122767045,residential
Sample Residence_Point_463,14.24771329506754,121.06011122767045,residential
Sample Residence_Point_464,14.24861419596844,121.06011122767045,residential
Sample Residence_Point_465,14.24951509686934,121.06011122767045,residential
Sample Residence_Point_466,14.25041599777024,121.06011122767045,residential
Sample Residence_Point_467,14.25131689867114,121.06011122767045,residential
Sample Residence_Point_468,14.25221779957204,121.06011122767045,residential
Sample Residence_Point_469,14.25311870047294,121.06011122767045,residential
Sample Residence_Point_470,14.254019601373841,121.06011122767045,residential
Sample Residence_Point_471,14.254920502274741,121.06011122767045,residential
Sample Residence_Point_472,14.255821403175641,121.06011122767045,residential
Sample Residence_Point_473,14.256722304076542,121.06011122767045,residential
Sample Residence_Point_474,14.257623204977442,121.06011122767045,residential
Sample Residence_Point_475,14.258524105878342,121.06011122767045,residential
Sample Residence_Point_476,14.259425006779242,121.06011122767045,residential
Sample Residence_Point_477,14.260325907680143,121.06011122767045,residential
Sample Residence_Point_478,14.261226808581043,121.06011122767045,residential
Sample Residence_Point_479,14.262127709481943,121.06011122767045,residential
Sample Residence_Point_480,14.263028610382843,121.06011122767045,residential
Sample Residence_Point_481,14.263929511283743,121.06011122767045,residential
Sample Residence_Point_482,14.264830412184644,121.06011122767045,residential
Sample Residence_Point_483,14.265731313085544,121.06011122767045,residential
Sample Residence_Point_484,14.266632213986444,121.06011122767045,residential
Sample Residence_Point_485,14.267533114887344,121.06011122767045,residential
Sample Residence_Point_486,14.268434015788245,121.06011122767045,residential
Sample Residence_Point_487,14.269334916689145,121.06011122767045,residential
Sample Residence_Point_488,14.270235817590045,121.06011122767045,residential
Sample Residence_Point_489,14.271136718490945,121.06011122767045,residential
Sample Residence_Point_490,14.272037619391845,121.06011122767045,residential
Sample Residence_Point_491,14.272938520292746,121.06011122767045,residential
Sample Residence_Point_492,14.273839421193646,121.06011122767045,residential
Sample Residence_Point_493,14.274740322094546,121.06011122767045,residential
Sample Residence_Point_494,14.275641222995446,121.06011122767045,residential
Sample Residence_Point_495,14.276542123896347,121.06011122767045,residential
Sample Residence_Point_496,14.277443024797247,121.06011122767045,residential
Sample Residence_Point_497,14.278343925698147,121.06011122767045,residential
Sample Residence_Point_498,14.279244826599047,121.06011122767045,residential
Sample Residence_Point_499,14.280145727499947,121.06011122767045,residential
Sample Residence_Point_500,14.281046628400848,121.06011122767045,residential
Sample Residence_Point_501,14.281947529301748,121.06011122767045,residential
Sample Residence_Point_502,14.243208790563038,121.06101212857135,residential
Sample Residence_Point_503,14.244109691463938,121.06101212857135,residential
Sample Residence_Point_504,14.245010592364839,121.06101212857135,residential
Sample Residence_Point_505,14.245911493265739,121.06101212857135,residential
Sample Residence_Point_506,14.24681239416664,121.06101212857135,residential
Sample Residence_Point_507,14.24771329506754,121.06101212857135,residential
Sample Residence_Point_508,14.24861419596844,121.06101212857135,residential
Sample Residence_Point_509,14.24951509686934,121.06101212857135,residential
Sample Residence_Point_510,14.25041599777024,121.06101212857135,residential
Sample Residence_Point_511,14.25131689867114,121.06101212857135,residential
Sample Residence_Point_512,14.25221779957204,121.06101212857135,residential
Sample Residence_Point_513,14.25311870047294,121.06101212857135,residential
Sample Residence_Point_514,14.254019601373841,121.06101212857135,residential
Sample Residence_Point_515,14.254920502274741,121.06101212857135,residential
Sample Residence_Point_516,14.255821403175641,121.06101212857135,residential
Sample Residence_Point_517,14.256722304076542,121.06101212857135,residential
Sample Residence_Point_518,14.257623204977442,121.06101212857135,residential
Sample Residence_Point_519,14.258524105878342,121.06101212857135,residential
Sample Residence_Point_520,14.259425006779242,121.06101212857135,residential
Sample Residence_Point_521,14.260325907680143,121.06101212857135,residential
Sample Residence_Point_522,14.261226808581043,121.06101212857135,residential
Sample Residence_Point_523,14.262127709481943,121.06101212857135,residential
Sample Residence_Point_524,14.263028610382843,121.06101212857135,residential
Sample Residence_Point_525,14.263929511283743,121.06101212857135,residential
Sample Residence_Point_526,14.264830412184644,121.06101212857135,residential
Sample Residence_Point_527,14.265731313085544,121.06101212857135,residential
Sample Residence_Point_528,14.266632213986444,121.06101212857135,residential
Sample Residence_Point_529,14.267533114887344,121.06101212857135,residential
Sample Residence_Point_530,14.268434015788245,121.06101212857135,residential
Sample Residence_Point_531,14.269334916689145,121.06101212857135,residential
Sample Residence_Point_532,14.270235817590045,121.06101212857135,residential
Sample Residence_Point_533,14.271136718490945,121.06101212857135,residential
Sample Residence_Point_534,14.272037619391845,121.06101212857135,residential
Sample Residence_Point_535,14.272938520292746,121.06101212857135,residential
Sample Residence_Point_536,14.273839421193646,121.06101212857135,residential
Sample Residence_Point_537,14.274740322094546,121.06101212857135,residential
Sample Residence_Point_538,14.275641222995446,121.06101212857135,residential
Sample Residence_Point_539,14.276542123896347,121.06101212857135,residential
Sample Residence_Point_540,14.277443024797247,121.06101212857135,residential
Sample Residence_Point_541,14.278343925698147,121.06101212857135,residential
Sample Residence_Point_542,14.279244826599047,121.06101212857135,residential
Sample Residence_Point_543,14.280145727499947,121.06101212857135,residential
Sample Residence_Point_544,14.281046628400848,121.06101212857135,residential
Sample Residence_Point_545,14.281947529301748,121.06101212857135,residential
Sample Residence_Point_546,14.282848430202648,121.06101212857135,residential
Sample Residence_Point_547,14.244109691463938,121.06191302947225,residential
Sample Residence_Point_548,14.245010592364839,121.06191302947225,residential
Sample Residence_Point_549,14.245911493265739,121.06191302947225,residential
Sample Residence_Point_550,14.24681239416664,121.06191302947225,residential
Sample Residence_Point_551,14.24771329506754,121.06191302947225,residential
Sample Residence_Point_552,14.24861419596844,121.06191302947225,residential
Sample Residence_Point_553,14.24951509686934,121.06191302947225,residential
Sample Residence_Point_554,14.25041599777024,121.06191302947225,residential
Sample Residence_Point_555,14.25131689867114,121.06191302947225,residential
Sample Residence_Point_556,14.25221779957204,121.06191302947225,residential
Sample Residence_Point_557,14.25311870047294,121.06191302947225,residential
Sample Residence_Point_558,14.254019601373841,121.06191302947225,residential
Sample Residence_Point_559,14.254920502274741,121.06191302947225,residential
Sample Residence_Point_560,14.255821403175641,121.06191302947225,residential
Sample Residence_Point_561,14.256722304076542,121.06191302947225,residential
Sample Residence_Point_562,14.257623204977442,121.06191302947225,residential
Sample Residence_Point_563,14.258524105878342,121.06191302947225,residential
Sample Residence_Point_564,14.259425006779242,121.06191302947225,residential
Sample Residence_Point_565,14.260325907680143,121.06191302947225,residential
Sample Residence_Point_566,14.261226808581043,121.06191302947225,residential
Sample Residence_Point_567,14.262127709481943,121.06191302947225,residential
Sample Residence_Point_568,14.263028610382843,121.06191302947225,residential
Sample Residence_Point_569,14.263929511283743,121.06191302947225,residential
Sample Residence_Point_570,14.264830412184644,121.06191302947225,residential
Sample Residence_Point_571,14.265731313085544,121.06191302947225,residential
Sample Residence_Point_572,14.266632213986444,121.06191302947225,residential
Sample Residence_Point_573,14.267533114887344,121.06191302947225,residential
Sample Residence_Point_574,14.268434015788245,121.06191302947225,residential
Sample Residence_Point_575,14.269334916689145,121.06191302947225,residential
Sample Residence_Point_576,14.270235817590045,121.06191302947225,residential
Sample Residence_Point_577,14.271136718490945,121.06191302947225,residential
Sample Residence_Point_578,14.272037619391845,121.06191302947225,residential
Sample Residence_Point_579,14.272938520292746,121.06191302947225,residential
Sample Residence_Point_580,14.273839421193646,121.06191302947225,residential
Sample Residence_Point_581,14.274740322094546,121.06191302947225,residential
Sample Residence_Point_582,14.275641222995446,121.06191302947225,residential
Sample Residence_Point_583,14.276542123896347,121.06191302947225,residential
Sample Residence_Point_584,14.277443024797247,121.06191302947225,residential
Sample Residence_Point_585,14.278343925698147,121.06191302947225,residential
Sample Residence_Point_586,14.279244826599047,121.06191302947225,residential
Sample Residence_Point_587,14.280145727499947,121.06191302947225,residential
Sample Residence_Point_588,14.281046628400848,121.06191302947225,residential
Sample Residence_Point_589,14.281947529301748,121.06191302947225,residential
Sample Residence_Point_590,14.282848430202648,121.06191302947225,residential
Sample Residence_Point_591,14.283749331103548,121.06191302947225,residential
Sample Residence_Point_592,14.245010592364839,121.06281393037315,residential
Sample Residence_Point_593,14.245911493265739,121.06281393037315,residential
Sample Residence_Point_594,14.24681239416664,121.06281393037315,residential
Sample Residence_Point_595,14.24771329506754,121.06281393037315,residential
Sample Residence_Point_596,14.24861419596844,121.06281393037315,residential
Sample Residence_Point_597,14.24951509686934,121.06281393037315,residential
Sample Residence_Point_598,14.25041599777024,121.06281393037315,residential
Sample Residence_Point_599,14.25131689867114,121.06281393037315,residential
Sample Residence_Point_600,14.25221779957204,121.06281393037315,residential
Sample Residence_Point_601,14.25311870047294,121.06281393037315,residential
Sample Residence_Point_602,14.254019601373841,121.06281393037315,residential
Sample Residence_Point_603,14.254920502274741,121.06281393037315,residential
Sample Residence_Point_604,14.255821403175641,121.06281393037315,residential
Sample Residence_Point_605,14.256722304076542,121.06281393037315,residential
Sample Residence_Point_606,14.257623204977442,121.06281393037315,residential
Sample Residence_Point_607,14.258524105878342,121.06281393037315,residential
Sample Residence_Point_608,14.259425006779242,121.06281393037315,residential
Sample Residence_Point_609,14.260325907680143,121.06281393037315,residential
Sample Residence_Point_610,14.261226808581043,121.06281393037315,residential
Sample Residence_Point_611,14.262127709481943,121.06281393037315,residential
Sample Residence_Point_612,14.263028610382843,121.06281393037315,residential
Sample Residence_Point_613,14.263929511283743,121.06281393037315,residential
Sample Residence_Point_614,14.264830412184644,121.06281393037315,residential
Sample Residence_Point_615,14.265731313085544,121.06281393037315,residential
Sample Residence_Point_616,14.266632213986444,121.06281393037315,residential
Sample Residence_Point_617,14.267533114887344,121.06281393037315,residential
Sample Residence_Point_618,14.268434015788245,121.06281393037315,residential
Sample Residence_Point_619,14.269334916689145,121.06281393037315,residential
Sample Residence_Point_620,14.270235817590045,121.06281393037315,residential
Sample Residence_Point_621,14.271136718490945,121.06281393037315,residential
Sample Residence_Point_622,14.272037619391845,121.06281393037315,residential
Sample Residence_Point_623,14.272938520292746,121.06281393037315,residential
Sample Residence_Point_624,14.273839421193646,121.06281393037315,residential
Sample Residence_Point_625,14.274740322094546,121.06281393037315,residential
Sample Residence_Point_626,14.275641222995446,121.06281393037315,residential
Sample Residence_Point_627,14.276542123896347,121.06281393037315,residential
Sample Residence_Point_628,14.277443024797247,121.06281393037315,residential
Sample Residence_Point_629,14.278343925698147,121.06281393037315,residential
Sample Residence_Point_630,14.279244826599047,121.06281393037315,residential
Sample Residence_Point_631,14.280145727499947,121.06281393037315,residential
Sample Residence_Point_632,14.281046628400848,121.06281393037315,residential
Sample Residence_Point_633,14.281947529301748,121.06281393037315,residential
Sample Residence_Point_634,14.282848430202648,121.06281393037315,residential
Sample Residence_Point_635,14.283749331103548,121.06281393037315,residential
Sample Residence_Point_636,14.284650232004449,121.06281393037315,residential
Sample Residence_Point_637,14.245911493265739,121.06371483127405,residential
Sample Residence_Point_638,14.24681239416664,121.06371483127405,residential
Sample Residence_Point_639,14.24771329506754,121.06371483127405,residential
Sample Residence_Point_640,14.24861419596844,121.06371483127405,residential
Sample Residence_Point_641,14.24951509686934,121.06371483127405,residential
Sample Residence_Point_642,14.25041599777024,121.06371483127405,residential
Sample Residence_Point_643,14.25131689867114,121.06371483127405,residential
Sample Residence_Point_644,14.25221779957204,121.06371483127405,residential
Sample Residence_Point_645,14.25311870047294,121.06371483127405,residential
Sample Residence_Point_646,14.254019601373841,121.06371483127405,residential
Sample Residence_Point_647,14.254920502274741,121.06371483127405,residential
Sample Residence_Point_648,14.255821403175641,121.06371483127405,residential
Sample Residence_Point_649,14.256722304076542,121.06371483127405,residential
Sample Residence_Point_650,14.257623204977442,121.06371483127405,residential
Sample Residence_Point_651,14.258524105878342,121.06371483127405,residential
Sample Residence_Point_652,14.259425006779242,121.06371483127405,residential
Sample Residence_Point_653,14.260325907680143,121.06371483127405,residential
Sample Residence_Point_654,14.261226808581043,121.06371483127405,residential
Sample Residence_Point_655,14.262127709481943,121.06371483127405,residential
Sample Residence_Point_656,14.263028610382843,121.06371483127405,residential
Sample Residence_Point_657,14.263929511283743,121.06371483127405,residential
Sample Residence_Point_658,14.264830412184644,121.06371483127405,residential
Sample Residence_Point_659,14.265731313085544,121.06371483127405,residential
Sample Residence_Point_660,14.266632213986444,121.06371483127405,residential
Sample Residence_Point_661,14.267533114887344,121.06371483127405,residential
Sample Residence_Point_662,14.268434015788245,121.06371483127405,residential
Sample Residence_Point_663,14.269334916689145,121.06371483127405,residential
Sample Residence_Point_664,14.270235817590045,121.06371483127405,residential
Sample Residence_Point_665,14.271136718490945,121.06371483127405,residential
Sample Residence_Point_666,14.272037619391845,121.06371483127405,residential
Sample Residence_Point_667,14.272938520292746,121.06371483127405,residential
Sample Residence_Point_668,14.273839421193646,121.06371483127405,residential
Sample Residence_Point_669,14.274740322094546,121.06371483127405,residential
Sample Residence_Point_670,14.275641222995446,121.06371483127405,residential
Sample Residence_Point_671,14.276542123896347,121.06371483127405,residential
Sample Residence_Point_672,14.277443024797247,121.06371483127405,residential
Sample Residence_Point_673,14.278343925698147,121.06371483127405,residential
Sample Residence_Point_674,14.279244826599047,121.06371483127405,residential
Sample Residence_Point_675,14.280145727499947,121.06371483127405,residential
Sample Residence_Point_676,14.281046628400848,121.06371483127405,residential
Sample Residence_Point_677,14.281947529301748,121.06371483127405,residential
Sample Residence_Point_678,14.282848430202648,121.06371483127405,residential
Sample Residence_Point_679,14.283749331103548,121.06371483127405,residential
Sample Residence_Point_680,14.284650232004449,121.06371483127405,residential
Sample Residence_Point_681,14.285551132905349,121.06371483127405,residential
Sample Residence_Point_682,14.24681239416664,121.06461573217496,residential
Sample Residence_Point_683,14.24771329506754,121.06461573217496,residential
Sample Residence_Point_684,14.24861419596844,121.06461573217496,residential
Sample Residence_Point_685,14.24951509686934,121.06461573217496,residential
Sample Residence_Point_686,14.25041599777024,121.06461573217496,residential
Sample Residence_Point_687,14.25131689867114,121.06461573217496,residential
Sample Residence_Point_688,14.25221779957204,121.06461573217496,residential
Sample Residence_Point_689,14.25311870047294,121.06461573217496,residential
Sample Residence_Point_690,14.254019601373841,121.06461573217496,residential
Sample Residence_Point_691,14.254920502274741,121.06461573217496,residential
Sample Residence_Point_692,14.255821403175641,121.06461573217496,residential
Sample Residence_Point_693,14.256722304076542,121.06461573217496,residential
Sample Residence_Point_694,14.257623204977442,121.06461573217496,residential
Sample Residence_Point_695,14.258524105878342,121.06461573217496,residential
Sample Residence_Point_696,14.259425006779242,121.06461573217496,residential
Sample Residence_Point_697,14.260325907680143,121.06461573217496,residential
Sample Residence_Point_698,14.261226808581043,121.06461573217496,residential
Sample Residence_Point_699,14.262127709481943,121.06461573217496,residential
Sample Residence_Point_700,14.263028610382843,121.06461573217496,residential
Sample Residence_Point_701,14.263929511283743,121.06461573217496,residential
Sample Residence_Point_702,14.264830412184644,121.06461573217496,residential
Sample Residence_Point_703,14.265731313085544,121.06461573217496,residential
Sample Residence_Point_704,14.266632213986444,121.06461573217496,residential
Sample Residence_Point_705,14.267533114887344,121.06461573217496,residential
Sample Residence_Point_706,14.268434015788245,121.06461573217496,residential
Sample Residence_Point_707,14.269334916689145,121.06461573217496,residential
Sample Residence_Point_708,14.270235817590045,121.06461573217496,residential
Sample Residence_Point_709,14.271136718490945,121.06461573217496,residential
Sample Residence_Point_710,14.272037619391845,121.06461573217496,residential
Sample Residence_Point_711,14.272938520292746,121.06461573217496,residential
Sample Residence_Point_712,14.273839421193646,121.06461573217496,residential
Sample Residence_Point_713,14.274740322094546,121.06461573217496,residential
Sample Residence_Point_714,14.275641222995446,121.06461573217496,residential
Sample Residence_Point_715,14.276542123896347,121.06461573217496,residential
Sample Residence_Point_716,14.277443024797247,121.06461573217496,residential
Sample Residence_Point_717,14.278343925698147,121.06461573217496,residential
Sample Residence_Point_718,14.279244826599047,121.06461573217496,residential
Sample Residence_Point_719,14.280145727499947,121.06461573217496,residential
Sample Residence_Point_720,14.281046628400848,121.06461573217496,residential
Sample Residence_Point_721,14.281947529301748,121.06461573217496,residential
Sample Residence_Point_722,14.282848430202648,121.06461573217496,residential
Sample Residence_Point_723,14.283749331103548,121.06461573217496,residential
Sample Residence_Point_724,14.284650232004449,121.06461573217496,residential
Sample Residence_Point_725,14.285551132905349,121.06461573217496,residential
Sample Residence_Point_726,14.24771329506754,121.06551663307586,residential
Sample Residence_Point_727,14.24861419596844,121.06551663307586,residential
Sample Residence_Point_728,14.24951509686934,121.06551663307586,residential
Sample Residence_Point_729,14.25041599777024,121.06551663307586,residential
Sample Residence_Point_730,14.25131689867114,121.06551663307586,residential
Sample Residence_Point_731,14.25221779957204,121.06551663307586,residential
Sample Residence_Point_732,14.25311870047294,121.06551663307586,residential
Sample Residence_Point_733,14.254019601373841,121.06551663307586,residential
Sample Residence_Point_734,14.254920502274741,121.06551663307586,residential
Sample Residence_Point_735,14.255821403175641,121.06551663307586,residential
Sample Residence_Point_736,14.256722304076542,121.06551663307586,residential
Sample Residence_Point_737,14.257623204977442,121.06551663307586,residential
Sample Residence_Point_738,14.258524105878342,121.06551663307586,residential
Sample Residence_Point_739,14.259425006779242,121.06551663307586,residential
Sample Residence_Point_740,14.260325907680143,121.06551663307586,residential
Sample Residence_Point_741,14.261226808581043,121.06551663307586,residential
Sample Residence_Point_742,14.262127709481943,121.06551663307586,residential
Sample Residence_Point_743,14.263028610382843,121.06551663307586,residential
Sample Residence_Point_744,14.263929511283743,121.06551663307586,residential
Sample Residence_Point_745,14.264830412184644,121.06551663307586,residential
Sample Residence_Point_746,14.265731313085544,121.06551663307586,residential
Sample Residence_Point_747,14.266632213986444,121.06551663307586,residential
Sample Residence_Point_748,14.267533114887344,121.06551663307586,residential
Sample Residence_Point_749,14.268434015788245,121.06551663307586,residential
Sample Residence_Point_750,14.269334916689145,121.06551663307586,residential
Sample Residence_Point_751,14.270235817590045,121.06551663307586,residential
Sample Residence_Point_752,14.271136718490945,121.06551663307586,residential
Sample Residence_Point_753,14.272037619391845,121.06551663307586,residential
Sample Residence_Point_754,14.272938520292746,121.06551663307586,residential
Sample Residence_Point_755,14.273839421193646,121.06551663307586,residential
Sample Residence_Point_756,14.274740322094546,121.06551663307586,residential
Sample Residence_Point_757,14.275641222995446,121.06551663307586,residential
Sample Residence_Point_758,14.276542123896347,121.06551663307586,residential
Sample Residence_Point_759,14.277443024797247,121.06551663307586,residential
Sample Residence_Point_760,14.278343925698147,121.06551663307586,residential
Sample Residence_Point_761,14.279244826599047,121.06551663307586,residential
Sample Residence_Point_762,14.280145727499947,121.06551663307586,residential
Sample Residence_Point_763,14.281046628400848,121.06551663307586,residential
Sample Residence_Point_764,14.281947529301748,121.06551663307586,residential
Sample Residence_Point_765,14.282848430202648,121.06551663307586,residential
Sample Residence_Point_766,14.283749331103548,121.06551663307586,residential
Sample Residence_Point_767,14.284650232004449,121.06551663307586,residential
Sample Residence_Point_768,14.285551132905349,121.06551663307586,residential
Sample Residence_Point_769,14.286452033806249,121.06551663307586,residential
Sample Residence_Point_770,14.24861419596844,121.06641753397676,residential
Sample Residence_Point_771,14.24951509686934,121.06641753397676,residential
Sample Residence_Point_772,14.25041599777024,121.06641753397676,residential
Sample Residence_Point_773,14.25131689867114,121.06641753397676,residential
Sample Residence_Point_774,14.25221779957204,121.06641753397676,residential
Sample Residence_Point_775,14.25311870047294,121.06641753397676,residential
Sample Residence_Point_776,14.254019601373841,121.06641753397676,residential
Sample Residence_Point_777,14.254920502274741,121.06641753397676,residential
Sample Residence_Point_778,14.255821403175641,121.06641753397676,residential
Sample Residence_Point_779,14.256722304076542,121.06641753397676,residential
Sample Residence_Point_780,14.257623204977442,121.06641753397676,residential
Sample Residence_Point_781,14.258524105878342,121.06641753397676,residential
Sample Residence_Point_782,14.259425006779242,121.06641753397676,residential
Sample Residence_Point_783,14.260325907680143,121.06641753397676,residential
Sample Residence_Point_784,14.261226808581043,121.06641753397676,residential
Sample Residence_Point_785,14.262127709481943,121.06641753397676,residential
Sample Residence_Point_786,14.263028610382843,121.06641753397676,residential
Sample Residence_Point_787,14.263929511283743,121.06641753397676,residential
Sample Residence_Point_788,14.264830412184644,121.06641753397676,residential
Sample Residence_Point_789,14.265731313085544,121.06641753397676,residential
Sample Residence_Point_790,14.266632213986444,121.06641753397676,residential
Sample Residence_Point_791,14.267533114887344,121.06641753397676,residential
Sample Residence_Point_792,14.268434015788245,121.06641753397676,residential
Sample Residence_Point_793,14.269334916689145,121.06641753397676,residential
Sample Residence_Point_794,14.270235817590045,121.06641753397676,residential
Sample Residence_Point_795,14.271136718490945,121.06641753397676,residential
Sample Residence_Point_796,14.272037619391845,121.06641753397676,residential
Sample Residence_Point_797,14.272938520292746,121.06641753397676,residential
Sample Residence_Point_798,14.273839421193646,121.06641753397676,residential
Sample Residence_Point_799,14.274740322094546,121.06641753397676,residential
Sample Residence_Point_800,14.275641222995446,121.06641753397676,residential
Sample Residence_Point_801,14.276542123896347,121.06641753397676,residential
Sample Residence_Point_802,14.277443024797247,121.06641753397676,residential
Sample Residence_Point_803,14.278343925698147,121.06641753397676,residential
Sample Residence_Point_804,14.279244826599047,121.06641753397676,residential
Sample Residence_Point_805,14.280145727499947,121.06641753397676,residential
Sample Residence_Point_806,14.281046628400848,121.06641753397676,residential
Sample Residence_Point_807,14.281947529301748,121.06641753397676,residential
Sample Residence_Point_808,14.282848430202648,121.06641753397676,residential
Sample Residence_Point_809,14.283749331103548,121.06641753397676,residential
Sample Residence_Point_810,14.284650232004449,121.06641753397676,residential
Sample Residence_Point_811,14.285551132905349,121.06641753397676,residential
Sample Residence_Point_812,14.286452033806249,121.06641753397676,residential
Sample Residence_Point_813,14.28735293470715,121.06641753397676,residential
Sample Residence_Point_814,14.24951509686934,121.06731843487766,residential
Sample Residence_Point_815,14.25041599777024,121.06731843487766,residential
Sample Residence_Point_816,14.25131689867114,121.06731843487766,residential
Sample Residence_Point_817,14.25221779957204,121.06731843487766,residential
Sample Residence_Point_818,14.25311870047294,121.06731843487766,residential
Sample Residence_Point_819,14.254019601373841,121.06731843487766,residential
Sample Residence_Point_820,14.254920502274741,121.06731843487766,residential
Sample Residence_Point_821,14.255821403175641,121.06731843487766,residential
Sample Residence_Point_822,14.256722304076542,121.06731843487766,residential
Sample Residence_Point_823,14.257623204977442,121.06731843487766,residential
Sample Residence_Point_824,14.258524105878342,121.06731843487766,residential
Sample Residence_Point_825,14.259425006779242,121.06731843487766,residential
Sample Residence_Point_826,14.260325907680143,121.06731843487766,residential
Sample Residence_Point_827,14.261226808581043,121.06731843487766,residential
Sample Residence_Point_828,14.262127709481943,121.06731843487766,residential
Sample Residence_Point_829,14.263028610382843,121.06731843487766,residential
Sample Residence_Point_830,14.263929511283743,121.06731843487766,residential
Sample Residence_Point_831,14.264830412184644,121.06731843487766,residential
Sample Residence_Point_832,14.265731313085544,121.06731843487766,residential
Sample Residence_Point_833,14.266632213986444,121.06731843487766,residential
Sample Residence_Point_834,14.267533114887344,121.06731843487766,residential
Sample Residence_Point_835,14.268434015788245,121.06731843487766,residential
Sample Residence_Point_836,14.269334916689145,121.06731843487766,residential
Sample Residence_Point_837,14.270235817590045,121.06731843487766,residential
Sample Residence_Point_838,14.271136718490945,121.06731843487766,residential
Sample Residence_Point_839,14.272037619391845,121.06731843487766,residential
Sample Residence_Point_840,14.272938520292746,121.06731843487766,residential
Sample Residence_Point_841,14.273839421193646,121.06731843487766,residential
Sample Residence_Point_842,14.274740322094546,121.06731843487766,residential
Sample Residence_Point_843,14.275641222995446,121.06731843487766,residential
Sample Residence_Point_844,14.276542123896347,121.06731843487766,residential
Sample Residence_Point_845,14.277443024797247,121.06731843487766,residential
Sample Residence_Point_846,14.278343925698147,121.06731843487766,residential
Sample Residence_Point_847,14.279244826599047,121.06731843487766,residential
Sample Residence_Point_848,14.280145727499947,121.06731843487766,residential
Sample Residence_Point_849,14.281046628400848,121.06731843487766,residential
Sample Residence_Point_850,14.281947529301748,121.06731843487766,residential
Sample Residence_Point_851,14.282848430202648,121.06731843487766,residential
Sample Residence_Point_852,14.283749331103548,121.06731843487766,residential
Sample Residence_Point_853,14.284650232004449,121.06731843487766,residential
Sample Residence_Point_854,14.285551132905349,121.06731843487766,residential
Sample Residence_Point_855,14.286452033806249,121.06731843487766,residential
Sample Residence_Point_856,14.28735293470715,121.06731843487766,residential
Sample Residence_Point_857,14.28825383560805,121.06731843487766,residential
Sample Residence_Point_858,14.25041599777024,121.06821933577856,residential
Sample Residence_Point_859,14.25131689867114,121.06821933577856,residential
Sample Residence_Point_860,14.25221779957204,121.06821933577856,residential
Sample Residence_Point_861,14.25311870047294,121.06821933577856,residential
Sample Residence_Point_862,14.254019601373841,121.06821933577856,residential
Sample Residence_Point_863,14.254920502274741,121.06821933577856,residential
Sample Residence_Point_864,14.255821403175641,121.06821933577856,residential
Sample Residence_Point_865,14.256722304076542,121.06821933577856,residential
Sample Residence_Point_866,14.257623204977442,121.06821933577856,residential
Sample Residence_Point_867,14.258524105878342,121.06821933577856,residential
Sample Residence_Point_868,14.259425006779242,121.06821933577856,residential
Sample Residence_Point_869,14.260325907680143,121.06821933577856,residential
Sample Residence_Point_870,14.261226808581043,121.06821933577856,residential
Sample Residence_Point_871,14.262127709481943,121.06821933577856,residential
Sample Residence_Point_872,14.263028610382843,121.06821933577856,residential
Sample Residence_Point_873,14.263929511283743,121.06821933577856,residential
Sample Residence_Point_874,14.264830412184644,121.06821933577856,residential
Sample Residence_Point_875,14.265731313085544,121.06821933577856,residential
Sample Residence_Point_876,14.266632213986444,121.06821933577856,residential
Sample Residence_Point_877,14.267533114887344,121.06821933577856,residential
Sample Residence_Point_878,14.268434015788245,121.06821933577856,residential
Sample Residence_Point_879,14.269334916689145,121.06821933577856,residential
Sample Residence_Point_880,14.270235817590045,121.06821933577856,residential
Sample Residence_Point_881,14.271136718490945,121.06821933577856,residential
Sample Residence_Point_882,14.272037619391845,121.06821933577856,residential
Sample Residence_Point_883,14.272938520292746,121.06821933577856,residential
Sample Residence_Point_884,14.273839421193646,121.06821933577856,residential
Sample Residence_Point_885,14.274740322094546,121.06821933577856,residential
Sample Residence_Point_886,14.275641222995446,121.06821933577856,residential
Sample Residence_Point_887,14.276542123896347,121.06821933577856,residential
Sample Residence_Point_888,14.277443024797247,121.06821933577856,residential
Sample Residence_Point_889,14.278343925698147,121.06821933577856,residential
Sample Residence_Point_890,14.279244826599047,121.06821933577856,residential
Sample Residence_Point_891,14.280145727499947,121.06821933577856,residential
Sample Residence_Point_892,14.281046628400848,121.06821933577856,residential
Sample Residence_Point_893,14.281947529301748,121.06821933577856,residential
Sample Residence_Point_894,14.282848430202648,121.06821933577856,residential
Sample Residence_Point_895,14.283749331103548,121.06821933577856,residential
Sample Residence_Point_896,14.284650232004449,121.06821933577856,residential
Sample Residence_Point_897,14.285551132905349,121.06821933577856,residential
Sample Residence_Point_898,14.286452033806249,121.06821933577856,residential
Sample Residence_Point_899,14.28735293470715,121.06821933577856,residential
Sample Residence_Point_900,14.28825383560805,121.06821933577856,residential
Sample Residence_Point_901,14.28915473650895,121.06821933577856,residential
Sample Residence_Point_902,14.25221779957204,121.06912023667947,residential
Sample Residence_Point_903,14.25311870047294,121.06912023667947,residential
Sample Residence_Point_904,14.254019601373841,121.06912023667947,residential
Sample Residence_Point_905,14.254920502274741,121.06912023667947,residential
Sample Residence_Point_906,14.255821403175641,121.06912023667947,residential
Sample Residence_Point_907,14.256722304076542,121.06912023667947,residential
Sample Residence_Point_908,14.257623204977442,121.06912023667947,residential
Sample Residence_Point_909,14.258524105878342,121.06912023667947,residential
Sample Residence_Point_910,14.259425006779242,121.06912023667947,residential
Sample Residence_Point_911,14.260325907680143,121.06912023667947,residential
Sample Residence_Point_912,14.261226808581043,121.06912023667947,residential
Sample Residence_Point_913,14.262127709481943,121.06912023667947,residential
Sample Residence_Point_914,14.263028610382843,121.06912023667947,residential
Sample Residence_Point_915,14.263929511283743,121.06912023667947,residential
Sample Residence_Point_916,14.264830412184644,121.06912023667947,residential
Sample Residence_Point_917,14.265731313085544,121.06912023667947,residential
Sample Residence_Point_918,14.266632213986444,121.06912023667947,residential
Sample Residence_Point_919,14.267533114887344,121.06912023667947,residential
Sample Residence_Point_920,14.268434015788245,121.06912023667947,residential
Sample Residence_Point_921,14.269334916689145,121.06912023667947,residential
Sample Residence_Point_922,14.270235817590045,121.06912023667947,residential
Sample Residence_Point_923,14.271136718490945,121.06912023667947,residential
Sample Residence_Point_924,14.272037619391845,121.06912023667947,residential
Sample Residence_Point_925,14.272938520292746,121.06912023667947,residential
Sample Residence_Point_926,14.273839421193646,121.06912023667947,residential
Sample Residence_Point_927,14.274740322094546,121.06912023667947,residential
Sample Residence_Point_928,14.275641222995446,121.06912023667947,residential
Sample Residence_Point_929,14.276542123896347,121.06912023667947,residential
Sample Residence_Point_930,14.277443024797247,121.06912023667947,residential
Sample Residence_Point_931,14.278343925698147,121.06912023667947,residential
Sample Residence_Point_932,14.279244826599047,121.06912023667947,residential
Sample Residence_Point_933,14.280145727499947,121.06912023667947,residential
Sample Residence_Point_934,14.281046628400848,121.06912023667947,residential
Sample Residence_Point_935,14.281947529301748,121.06912023667947,residential
Sample Residence_Point_936,14.282848430202648,121.06912023667947,residential
Sample Residence_Point_937,14.283749331103548,121.06912023667947,residential
Sample Residence_Point_938,14.284650232004449,121.06912023667947,residential
Sample Residence_Point_939,14.285551132905349,121.06912023667947,residential
Sample Residence_Point_940,14.286452033806249,121.06912023667947,residential
Sample Residence_Point_941,14.28735293470715,121.06912023667947,residential
Sample Residence_Point_942,14.28825383560805,121.06912023667947,residential
Sample Residence_Point_943,14.28915473650895,121.06912023667947,residential
Sample Residence_Point_944,14.25311870047294,121.07002113758037,residential
Sample Residence_Point_945,14.254019601373841,121.07002113758037,residential
Sample Residence_Point_946,14.254920502274741,121.07002113758037,residential
Sample Residence_Point_947,14.255821403175641,121.07002113758037,residential
Sample Residence_Point_948,14.256722304076542,121.07002113758037,residential
Sample Residence_Point_949,14.257623204977442,121.07002113758037,residential
Sample Residence_Point_950,14.258524105878342,121.07002113758037,residential
Sample Residence_Point_951,14.259425006779242,121.07002113758037,residential
Sample Residence_Point_952,14.260325907680143,121.07002113758037,residential
Sample Residence_Point_953,14.261226808581043,121.07002113758037,residential
Sample Residence_Point_954,14.262127709481943,121.07002113758037,residential
Sample Residence_Point_955,14.263028610382843,121.07002113758037,residential
Sample Residence_Point_956,14.263929511283743,121.07002113758037,residential
Sample Residence_Point_957,14.264830412184644,121.07002113758037,residential
Sample Residence_Point_958,14.265731313085544,121.07002113758037,residential
Sample Residence_Point_959,14.266632213986444,121.07002113758037,residential
Sample Residence_Point_960,14.267533114887344,121.07002113758037,residential
Sample Residence_Point_961,14.268434015788245,121.07002113758037,residential
Sample Residence_Point_962,14.269334916689145,121.07002113758037,residential
Sample Residence_Point_963,14.270235817590045,121.07002113758037,residential
Sample Residence_Point_964,14.271136718490945,121.07002113758037,residential
Sample Residence_Point_965,14.272037619391845,121.07002113758037,residential
Sample Residence_Point_966,14.272938520292746,121.07002113758037,residential
Sample Residence_Point_967,14.273839421193646,121.07002113758037,residential
Sample Residence_Point_968,14.274740322094546,121.07002113758037,residential
Sample Residence_Point_969,14.275641222995446,121.07002113758037,residential
Sample Residence_Point_970,14.276542123896347,121.07002113758037,residential
Sample Residence_Point_971,14.277443024797247,121.07002113758037,residential
Sample Residence_Point_972,14.278343925698147,121.07002113758037,residential
Sample Residence_Point_973,14.279244826599047,121.07002113758037,residential
Sample Residence_Point_974,14.280145727499947,121.07002113758037,residential
Sample Residence_Point_975,14.281046628400848,121.07002113758037,residential
Sample Residence_Point_976,14.281947529301748,121.07002113758037,residential
Sample Residence_Point_977,14.282848430202648,121.07002113758037,residential
Sample Residence_Point_978,14.283749331103548,121.07002113758037,residential
Sample Residence_Point_979,14.284650232004449,121.07002113758037,residential
Sample Residence_Point_980,14.285551132905349,121.07002113758037,residential
Sample Residence_Point_981,14.286452033806249,121.07002113758037,residential
Sample Residence_Point_982,14.28735293470715,121.07002113758037,residential
Sample Residence_Point_983,14.28825383560805,121.07002113758037,residential
Sample Residence_Point_984,14.28915473650895,121.07002113758037,residential
Sample Residence_Point_985,14.29005563740985,121.07002113758037,residential
Sample Residence_Point_986,14.254019601373841,121.07092203848127,residential
Sample Residence_Point_987,14.254920502274741,121.07092203848127,residential
Sample Residence_Point_988,14.255821403175641,121.07092203848127,residential
Sample Residence_Point_989,14.256722304076542,121.07092203848127,residential
Sample Residence_Point_990,14.257623204977442,121.07092203848127,residential
Sample Residence_Point_991,14.258524105878342,121.07092203848127,residential
Sample Residence_Point_992,14.259425006779242,121.07092203848127,residential
Sample Residence_Point_993,14.260325907680143,121.07092203848127,residential
Sample Residence_Point_994,14.261226808581043,121.07092203848127,residential
Sample Residence_Point_995,14.262127709481943,121.07092203848127,residential
Sample Residence_Point_996,14.263028610382843,121.07092203848127,residential
Sample Residence_Point_997,14.263929511283743,121.07092203848127,residential
Sample Residence_Point_998,14.264830412184644,121.07092203848127,residential
Sample Residence_Point_999,14.265731313085544,121.07092203848127,residential
Sample Residence_Point_1000,14.266632213986444,121.07092203848127,residential
Sample Residence_Point_1001,14.267533114887344,121.07092203848127,residential
Sample Residence_Point_1002,14.268434015788245,121.07092203848127,residential
Sample Residence_Point_1003,14.269334916689145,121.07092203848127,residential
Sample Residence_Point_1004,14.270235817590045,121.07092203848127,residential
Sample Residence_Point_1005,14.271136718490945,121.07092203848127,residential
Sample Residence_Point_1006,14.272037619391845,121.07092203848127,residential
Sample Residence_Point_1007,14.272938520292746,121.07092203848127,residential
Sample Residence_Point_1008,14.273839421193646,121.07092203848127,residential
Sample Residence_Point_1009,14.274740322094546,121.07092203848127,residential
Sample Residence_Point_1010,14.275641222995446,121.07092203848127,residential
Sample Residence_Point_1011,14.276542123896347,121.07092203848127,residential
Sample Residence_Point_1012,14.277443024797247,121.07092203848127,residential
Sample Residence_Point_1013,14.278343925698147,121.07092203848127,residential
Sample Residence_Point_1014,14.279244826599047,121.07092203848127,residential
Sample Residence_Point_1015,14.280145727499947,121.07092203848127,residential
Sample Residence_Point_1016,14.281046628400848,121.07092203848127,residential
Sample Residence_Point_1017,14.281947529301748,121.07092203848127,residential
Sample Residence_Point_1018,14.282848430202648,121.07092203848127,residential
Sample Residence_Point_1019,14.283749331103548,121.07092203848127,residential
Sample Residence_Point_1020,14.284650232004449,121.07092203848127,residential
Sample Residence_Point_1021,14.285551132905349,121.07092203848127,residential
Sample Residence_Point_1022,14.286452033806249,121.07092203848127,residential
Sample Residence_Point_1023,14.28735293470715,121.07092203848127,residential
Sample Residence_Point_1024,14.28825383560805,121.07092203848127,residential
Sample Residence_Point_1025,14.28915473650895,121.07092203848127,residential
Sample Residence_Point_1026,14.29005563740985,121.07092203848127,residential
Sample Residence_Point_1027,14.29095653831075,121.07092203848127,residential
Sample Residence_Point_1028,14.254920502274741,121.07182293938217,residential
Sample Residence_Point_1029,14.255821403175641,121.07182293938217,residential
Sample Residence_Point_1030,14.256722304076542,121.07182293938217,residential
Sample Residence_Point_1031,14.257623204977442,121.07182293938217,residential
Sample Residence_Point_1032,14.258524105878342,121.07182293938217,residential
Sample Residence_Point_1033,14.259425006779242,121.07182293938217,residential
Sample Residence_Point_1034,14.260325907680143,121.07182293938217,residential
Sample Residence_Point_1035,14.261226808581043,121.07182293938217,residential
Sample Residence_Point_1036,14.262127709481943,121.07182293938217,residential
Sample Residence_Point_1037,14.263028610382843,121.07182293938217,residential
Sample Residence_Point_1038,14.263929511283743,121.07182293938217,residential
Sample Residence_Point_1039,14.264830412184644,121.07182293938217,residential
Sample Residence_Point_1040,14.265731313085544,121.07182293938217,residential
Sample Residence_Point_1041,14.266632213986444,121.07182293938217,residential
Sample Residence_Point_1042,14.267533114887344,121.07182293938217,residential
Sample Residence_Point_1043,14.268434015788245,121.07182293938217,residential
Sample Residence_Point_1044,14.269334916689145,121.07182293938217,residential
Sample Residence_Point_1045,14.270235817590045,121.07182293938217,residential
Sample Residence_Point_1046,14.271136718490945,121.07182293938217,residential
Sample Residence_Point_1047,14.272037619391845,121.07182293938217,residential
Sample Residence_Point_1048,14.272938520292746,121.07182293938217,residential
Sample Residence_Point_1049,14.273839421193646,121.07182293938217,residential
Sample Residence_Point_1050,14.274740322094546,121.07182293938217,residential
Sample Residence_Point_1051,14.275641222995446,121.07182293938217,residential
Sample Residence_Point_1052,14.276542123896347,121.07182293938217,residential
Sample Residence_Point_1053,14.277443024797247,121.07182293938217,residential
Sample Residence_Point_1054,14.278343925698147,121.07182293938217,residential
Sample Residence_Point_1055,14.279244826599047,121.07182293938217,residential
Sample Residence_Point_1056,14.280145727499947,121.07182293938217,residential
Sample Residence_Point_1057,14.281046628400848,121.07182293938217,residential
Sample Residence_Point_1058,14.281947529301748,121.07182293938217,residential
Sample Residence_Point_1059,14.282848430202648,121.07182293938217,residential
Sample Residence_Point_1060,14.283749331103548,121.07182293938217,residential
Sample Residence_Point_1061,14.284650232004449,121.07182293938217,residential
Sample Residence_Point_1062,14.285551132905349,121.07182293938217,residential
Sample Residence_Point_1063,14.286452033806249,121.07182293938217,residential
Sample Residence_Point_1064,14.28735293470715,121.07182293938217,residential
Sample Residence_Point_1065,14.28825383560805,121.07182293938217,residential
Sample Residence_Point_1066,14.28915473650895,121.07182293938217,residential
Sample Residence_Point_1067,14.29005563740985,121.07182293938217,residential
Sample Residence_Point_1068,14.29095653831075,121.07182293938217,residential
Sample Residence_Point_1069,14.29185743921165,121.07182293938217,residential
Sample Residence_Point_1070,14.255821403175641,121.07272384028307,residential
Sample Residence_Point_1071,14.256722304076542,121.07272384028307,residential
Sample Residence_Point_1072,14.257623204977442,121.07272384028307,residential
Sample Residence_Point_1073,14.258524105878342,121.07272384028307,residential
Sample Residence_Point_1074,14.259425006779242,121.07272384028307,residential
Sample Residence_Point_1075,14.260325907680143,121.07272384028307,residential
Sample Residence_Point_1076,14.261226808581043,121.07272384028307,residential
Sample Residence_Point_1077,14.262127709481943,121.07272384028307,residential
Sample Residence_Point_1078,14.263028610382843,121.07272384028307,residential
Sample Residence_Point_1079,14.263929511283743,121.07272384028307,residential
Sample Residence_Point_1080,14.264830412184644,121.07272384028307,residential
Sample Residence_Point_1081,14.265731313085544,121.07272384028307,residential
Sample Residence_Point_1082,14.266632213986444,121.07272384028307,residential
Sample Residence_Point_1083,14.267533114887344,121.07272384028307,residential
Sample Residence_Point_1084,14.268434015788245,121.07272384028307,residential
Sample Residence_Point_1085,14.269334916689145,121.07272384028307,residential
Sample Residence_Point_1086,14.270235817590045,121.07272384028307,residential
Sample Residence_Point_1087,14.271136718490945,121.07272384028307,residential
Sample Residence_Point_1088,14.272037619391845,121.07272384028307,residential
Sample Residence_Point_1089,14.272938520292746,121.07272384028307,residential
Sample Residence_Point_1090,14.273839421193646,121.07272384028307,residential
Sample Residence_Point_1091,14.274740322094546,121.07272384028307,residential
Sample Residence_Point_1092,14.275641222995446,121.07272384028307,residential
Sample Residence_Point_1093,14.276542123896347,121.07272384028307,residential
Sample Residence_Point_1094,14.277443024797247,121.07272384028307,residential
Sample Residence_Point_1095,14.278343925698147,121.07272384028307,residential
Sample Residence_Point_1096,14.279244826599047,121.07272384028307,residential
Sample Residence_Point_1097,14.280145727499947,121.07272384028307,residential
Sample Residence_Point_1098,14.281046628400848,121.07272384028307,residential
Sample Residence_Point_1099,14.281947529301748,121.07272384028307,residential
Sample Residence_Point_1100,14.282848430202648,121.07272384028307,residential
Sample Residence_Point_1101,14.283749331103548,121.07272384028307,residential
Sample Residence_Point_1102,14.284650232004449,121.07272384028307,residential
Sample Residence_Point_1103,14.285551132905349,121.07272384028307,residential
Sample Residence_Point_1104,14.286452033806249,121.07272384028307,residential
Sample Residence_Point_1105,14.28735293470715,121.07272384028307,residential
Sample Residence_Point_1106,14.28825383560805,121.07272384028307,residential
Sample Residence_Point_1107,14.28915473650895,121.07272384028307,residential
Sample Residence_Point_1108,14.29005563740985,121.07272384028307,residential
Sample Residence_Point_1109,14.29095653831075,121.07272384028307,residential
Sample Residence_Point_1110,14.29185743921165,121.07272384028307,residential
Sample Residence_Point_1111,14.256722304076542,121.07362474118398,residential
Sample Residence_Point_1112,14.257623204977442,121.07362474118398,residential
Sample Residence_Point_1113,14.258524105878342,121.07362474118398,residential
Sample Residence_Point_1114,14.259425006779242,121.07362474118398,residential
Sample Residence_Point_1115,14.260325907680143,121.07362474118398,residential
Sample Residence_Point_1116,14.261226808581043,121.07362474118398,residential
Sample Residence_Point_1117,14.262127709481943,121.07362474118398,residential
Sample Residence_Point_1118,14.263028610382843,121.07362474118398,residential
Sample Residence_Point_1119,14.263929511283743,121.07362474118398,residential
Sample Residence_Point_1120,14.264830412184644,121.07362474118398,residential
Sample Residence_Point_1121,14.265731313085544,121.07362474118398,residential
Sample Residence_Point_1122,14.266632213986444,121.07362474118398,residential
Sample Residence_Point_1123,14.267533114887344,121.07362474118398,residential
Sample Residence_Point_1124,14.268434015788245,121.07362474118398,residential
Sample Residence_Point_1125,14.269334916689145,121.07362474118398,residential
Sample Residence_Point_1126,14.270235817590045,121.07362474118398,residential
Sample Residence_Point_1127,14.271136718490945,121.07362474118398,residential
Sample Residence_Point_1128,14.272037619391845,121.07362474118398,residential
Sample Residence_Point_1129,14.272938520292746,121.07362474118398,residential
Sample Residence_Point_1130,14.273839421193646,121.07362474118398,residential
Sample Residence_Point_1131,14.274740322094546,121.07362474118398,residential
Sample Residence_Point_1132,14.275641222995446,121.07362474118398,residential
Sample Residence_Point_1133,14.276542123896347,121.07362474118398,residential
Sample Residence_Point_1134,14.277443024797247,121.07362474118398,residential
Sample Residence_Point_1135,14.278343925698147,121.07362474118398,residential
Sample Residence_Point_1136,14.279244826599047,121.07362474118398,residential
Sample Residence_Point_1137,14.280145727499947,121.07362474118398,residential
Sample Residence_Point_1138,14.281046628400848,121.07362474118398,residential
Sample Residence_Point_1139,14.281947529301748,121.07362474118398,residential
Sample Residence_Point_1140,14.282848430202648,121.07362474118398,residential
Sample Residence_Point_1141,14.283749331103548,121.07362474118398,residential
Sample Residence_Point_1142,14.284650232004449,121.07362474118398,residential
Sample Residence_Point_1143,14.285551132905349,121.07362474118398,residential
Sample Residence_Point_1144,14.286452033806249,121.07362474118398,residential
Sample Residence_Point_1145,14.28735293470715,121.07362474118398,residential
Sample Residence_Point_1146,14.28825383560805,121.07362474118398,residential
Sample Residence_Point_1147,14.28915473650895,121.07362474118398,residential
Sample Residence_Point_1148,14.29005563740985,121.07362474118398,residential
Sample Residence_Point_1149,14.29095653831075,121.07362474118398,residential
Sample Residence_Point_1150,14.29185743921165,121.07362474118398,residential
Sample Residence_Point_1151,14.29275834011255,121.07362474118398,residential
Sample Residence_Point_1152,14.257623204977442,121.07452564208488,residential
Sample Residence_Point_1153,14.258524105878342,121.07452564208488,residential
Sample Residence_Point_1154,14.259425006779242,121.07452564208488,residential
Sample Residence_Point_1155,14.260325907680143,121.07452564208488,residential
Sample Residence_Point_1156,14.261226808581043,121.07452564208488,residential
Sample Residence_Point_1157,14.262127709481943,121.07452564208488,residential
Sample Residence_Point_1158,14.263028610382843,121.07452564208488,residential
Sample Residence_Point_1159,14.263929511283743,121.07452564208488,residential
Sample Residence_Point_1160,14.264830412184644,121.07452564208488,residential
Sample Residence_Point_1161,14.265731313085544,121.07452564208488,residential
Sample Residence_Point_1162,14.266632213986444,121.07452564208488,residential
Sample Residence_Point_1163,14.267533114887344,121.07452564208488,residential
Sample Residence_Point_1164,14.268434015788245,121.07452564208488,residential
Sample Residence_Point_1165,14.269334916689145,121.07452564208488,residential
Sample Residence_Point_1166,14.270235817590045,121.07452564208488,residential
Sample Residence_Point_1167,14.271136718490945,121.07452564208488,residential
Sample Residence_Point_1168,14.272037619391845,121.07452564208488,residential
Sample Residence_Point_1169,14.272938520292746,121.07452564208488,residential
Sample Residence_Point_1170,14.273839421193646,121.07452564208488,residential
Sample Residence_Point_1171,14.274740322094546,121.07452564208488,residential
Sample Residence_Point_1172,14.275641222995446,121.07452564208488,residential
Sample Residence_Point_1173,14.276542123896347,121.07452564208488,residential
Sample Residence_Point_1174,14.277443024797247,121.07452564208488,residential
Sample Residence_Point_1175,14.278343925698147,121.07452564208488,residential
Sample Residence_Point_1176,14.279244826599047,121.07452564208488,residential
Sample Residence_Point_1177,14.280145727499947,121.07452564208488,residential
Sample Residence_Point_1178,14.281046628400848,121.07452564208488,residential
Sample Residence_Point_1179,14.281947529301748,121.07452564208488,residential
Sample Residence_Point_1180,14.282848430202648,121.07452564208488,residential
Sample Residence_Point_1181,14.283749331103548,121.07452564208488,residential
Sample Residence_Point_1182,14.284650232004449,121.07452564208488,residential
Sample Residence_Point_1183,14.285551132905349,121.07452564208488,residential
Sample Residence_Point_1184,14.286452033806249,121.07452564208488,residential
Sample Residence_Point_1185,14.28735293470715,121.07452564208488,residential
Sample Residence_Point_1186,14.28825383560805,121.07452564208488,residential
Sample Residence_Point_1187,14.28915473650895,121.07452564208488,residential
Sample Residence_Point_1188,14.29005563740985,121.07452564208488,residential
Sample Residence_Point_1189,14.29095653831075,121.07452564208488,residential
Sample Residence_Point_1190,14.29185743921165,121.07452564208488,residential
Sample Residence_Point_1191,14.29275834011255,121.07452564208488,residential
Sample Residence_Point_1192,14.29365924101345,121.07452564208488,residential
Sample Residence_Point_1193,14.258524105878342,121.07542654298578,residential
Sample Residence_Point_1194,14.259425006779242,121.07542654298578,residential
Sample Residence_Point_1195,14.260325907680143,121.07542654298578,residential
Sample Residence_Point_1196,14.261226808581043,121.07542654298578,residential
Sample Residence_Point_1197,14.262127709481943,121.07542654298578,residential
Sample Residence_Point_1198,14.263028610382843,121.07542654298578,residential
Sample Residence_Point_1199,14.263929511283743,121.07542654298578,residential
Sample Residence_Point_1200,14.264830412184644,121.07542654298578,residential
Sample Residence_Point_1201,14.265731313085544,121.07542654298578,residential
Sample Residence_Point_1202,14.266632213986444,121.07542654298578,residential
Sample Residence_Point_1203,14.267533114887344,121.07542654298578,residential
Sample Residence_Point_1204,14.268434015788245,121.07542654298578,residential
Sample Residence_Point_1205,14.269334916689145,121.07542654298578,residential
Sample Residence_Point_1206,14.270235817590045,121.07542654298578,residential
Sample Residence_Point_1207,14.271136718490945,121.07542654298578,residential
Sample Residence_Point_1208,14.272037619391845,121.07542654298578,residential
Sample Residence_Point_1209,14.272938520292746,121.07542654298578,residential
Sample Residence_Point_1210,14.273839421193646,121.07542654298578,residential
Sample Residence_Point_1211,14.274740322094546,121.07542654298578,residential
Sample Residence_Point_1212,14.275641222995446,121.07542654298578,residential
Sample Residence_Point_1213,14.276542123896347,121.07542654298578,residential
Sample Residence_Point_1214,14.277443024797247,121.07542654298578,residential
Sample Residence_Point_1215,14.278343925698147,121.07542654298578,residential
Sample Residence_Point_1216,14.279244826599047,121.07542654298578,residential
Sample Residence_Point_1217,14.280145727499947,121.07542654298578,residential
Sample Residence_Point_1218,14.281046628400848,121.07542654298578,residential
Sample Residence_Point_1219,14.281947529301748,121.07542654298578,residential
Sample Residence_Point_1220,14.282848430202648,121.07542654298578,residential
Sample Residence_Point_1221,14.283749331103548,121.07542654298578,residential
Sample Residence_Point_1222,14.284650232004449,121.07542654298578,residential
Sample Residence_Point_1223,14.285551132905349,121.07542654298578,residential
Sample Residence_Point_1224,14.286452033806249,121.07542654298578,residential
Sample Residence_Point_1225,14.28735293470715,121.07542654298578,residential
Sample Residence_Point_1226,14.28825383560805,121.07542654298578,residential
Sample Residence_Point_1227,14.28915473650895,121.07542654298578,residential
Sample Residence_Point_1228,14.29005563740985,121.07542654298578,residential
Sample Residence_Point_1229,14.29095653831075,121.07542654298578,residential
Sample Residence_Point_1230,14.29185743921165,121.07542654298578,residential
Sample Residence_Point_1231,14.29275834011255,121.07542654298578,residential
Sample Residence_Point_1232,14.29365924101345,121.07542654298578,residential
Sample Residence_Point_1233,14.294560141914351,121.07542654298578,residential
Sample Residence_Point_1234,14.259425006779242,121.07632744388668,residential
Sample Residence_Point_1235,14.260325907680143,121.07632744388668,residential
Sample Residence_Point_1236,14.261226808581043,121.07632744388668,residential
Sample Residence_Point_1237,14.262127709481943,121.07632744388668,residential
Sample Residence_Point_1238,14.263028610382843,121.07632744388668,residential
Sample Residence_Point_1239,14.263929511283743,121.07632744388668,residential
Sample Residence_Point_1240,14.264830412184644,121.07632744388668,residential
Sample Residence_Point_1241,14.265731313085544,121.07632744388668,residential
Sample Residence_Point_1242,14.266632213986444,121.07632744388668,residential
Sample Residence_Point_1243,14.267533114887344,121.07632744388668,residential
Sample Residence_Point_1244,14.268434015788245,121.07632744388668,residential
Sample Residence_Point_1245,14.269334916689145,121.07632744388668,residential
Sample Residence_Point_1246,14.270235817590045,121.07632744388668,residential
Sample Residence_Point_1247,14.271136718490945,121.07632744388668,residential
Sample Residence_Point_1248,14.272037619391845,121.07632744388668,residential
Sample Residence_Point_1249,14.272938520292746,121.07632744388668,residential
Sample Residence_Point_1250,14.273839421193646,121.07632744388668,residential
Sample Residence_Point_1251,14.274740322094546,121.07632744388668,residential
Sample Residence_Point_1252,14.275641222995446,121.07632744388668,residential
Sample Residence_Point_1253,14.276542123896347,121.07632744388668,residential
Sample Residence_Point_1254,14.277443024797247,121.07632744388668,residential
Sample Residence_Point_1255,14.278343925698147,121.07632744388668,residential
Sample Residence_Point_1256,14.279244826599047,121.07632744388668,residential
Sample Residence_Point_1257,14.280145727499947,121.07632744388668,residential
Sample Residence_Point_1258,14.281046628400848,121.07632744388668,residential
Sample Residence_Point_1259,14.281947529301748,121.07632744388668,residential
Sample Residence_Point_1260,14.282848430202648,121.07632744388668,residential
Sample Residence_Point_1261,14.283749331103548,121.07632744388668,residential
Sample Residence_Point_1262,14.284650232004449,121.07632744388668,residential
Sample Residence_Point_1263,14.285551132905349,121.07632744388668,residential
Sample Residence_Point_1264,14.286452033806249,121.07632744388668,residential
Sample Residence_Point_1265,14.28735293470715,121.07632744388668,residential
Sample Residence_Point_1266,14.28825383560805,121.07632744388668,residential
Sample Residence_Point_1267,14.28915473650895,121.07632744388668,residential
Sample Residence_Point_1268,14.29005563740985,121.07632744388668,residential
Sample Residence_Point_1269,14.29095653831075,121.07632744388668,residential
Sample Residence_Point_1270,14.29185743921165,121.07632744388668,residential
Sample Residence_Point_1271,14.29275834011255,121.07632744388668,residential
Sample Residence_Point_1272,14.29365924101345,121.07632744388668,residential
Sample Residence_Point_1273,14.294560141914351,121.07632744388668,residential
Sample Residence_Point_1274,14.295461042815251,121.07632744388668,residential
Sample Residence_Point_1275,14.260325907680143,121.07722834478759,residential
Sample Residence_Point_1276,14.261226808581043,121.07722834478759,residential
Sample Residence_Point_1277,14.262127709481943,121.07722834478759,residential
Sample Residence_Point_1278,14.263028610382843,121.07722834478759,residential
Sample Residence_Point_1279,14.263929511283743,121.07722834478759,residential
Sample Residence_Point_1280,14.264830412184644,121.07722834478759,residential
Sample Residence_Point_1281,14.265731313085544,121.07722834478759,residential
Sample Residence_Point_1282,14.266632213986444,121.07722834478759,residential
Sample Residence_Point_1283,14.267533114887344,121.07722834478759,residential
Sample Residence_Point_1284,14.268434015788245,121.07722834478759,residential
Sample Residence_Point_1285,14.269334916689145,121.07722834478759,residential
Sample Residence_Point_1286,14.270235817590045,121.07722834478759,residential
Sample Residence_Point_1287,14.271136718490945,121.07722834478759,residential
Sample Residence_Point_1288,14.272037619391845,121.07722834478759,residential
Sample Residence_Point_1289,14.272938520292746,121.07722834478759,residential
Sample Residence_Point_1290,14.273839421193646,121.07722834478759,residential
Sample Residence_Point_1291,14.274740322094546,121.07722834478759,residential
Sample Residence_Point_1292,14.275641222995446,121.07722834478759,residential
Sample Residence_Point_1293,14.276542123896347,121.07722834478759,residential
Sample Residence_Point_1294,14.277443024797247,121.07722834478759,residential
Sample Residence_Point_1295,14.278343925698147,121.07722834478759,residential
Sample Residence_Point_1296,14.279244826599047,121.07722834478759,residential
Sample Residence_Point_1297,14.280145727499947,121.07722834478759,residential
Sample Residence_Point_1298,14.281046628400848,121.07722834478759,residential
Sample Residence_Point_1299,14.281947529301748,121.07722834478759,residential
Sample Residence_Point_1300,14.282848430202648,121.07722834478759,residential
Sample Residence_Point_1301,14.283749331103548,121.07722834478759,residential
Sample Residence_Point_1302,14.284650232004449,121.07722834478759,residential
Sample Residence_Point_1303,14.285551132905349,121.07722834478759,residential
Sample Residence_Point_1304,14.286452033806249,121.07722834478759,residential
Sample Residence_Point_1305,14.28735293470715,121.07722834478759,residential
Sample Residence_Point_1306,14.28825383560805,121.07722834478759,residential
Sample Residence_Point_1307,14.28915473650895,121.07722834478759,residential
Sample Residence_Point_1308,14.29005563740985,121.07722834478759,residential
Sample Residence_Point_1309,14.29095653831075,121.07722834478759,residential
Sample Residence_Point_1310,14.29185743921165,121.07722834478759,residential
Sample Residence_Point_1311,14.29275834011255,121.07722834478759,residential
Sample Residence_Point_1312,14.29365924101345,121.07722834478759,residential
Sample Residence_Point_1313,14.294560141914351,121.07722834478759,residential
Sample Residence_Point_1314,14.295461042815251,121.07722834478759,residential
Sample Residence_Point_1315,14.261226808581043,121.07812924568849,residential
Sample Residence_Point_1316,14.262127709481943,121.07812924568849,residential
Sample Residence_Point_1317,14.263028610382843,121.07812924568849,residential
Sample Residence_Point_1318,14.263929511283743,121.07812924568849,residential
Sample Residence_Point_1319,14.264830412184644,121.07812924568849,residential
Sample Residence_Point_1320,14.265731313085544,121.07812924568849,residential
Sample Residence_Point_1321,14.266632213986444,121.07812924568849,residential
Sample Residence_Point_1322,14.267533114887344,121.07812924568849,residential
Sample Residence_Point_1323,14.268434015788245,121.07812924568849,residential
Sample Residence_Point_1324,14.269334916689145,121.07812924568849,residential
Sample Residence_Point_1325,14.270235817590045,121.07812924568849,residential
Sample Residence_Point_1326,14.271136718490945,121.07812924568849,residential
Sample Residence_Point_1327,14.272037619391845,121.07812924568849,residential
Sample Residence_Point_1328,14.272938520292746,121.07812924568849,residential
Sample Residence_Point_1329,14.273839421193646,121.07812924568849,residential
Sample Residence_Point_1330,14.274740322094546,121.07812924568849,residential
Sample Residence_Point_1331,14.275641222995446,121.07812924568849,residential
Sample Residence_Point_1332,14.276542123896347,121.07812924568849,residential
Sample Residence_Point_1333,14.277443024797247,121.07812924568849,residential
Sample Residence_Point_1334,14.278343925698147,121.07812924568849,residential
Sample Residence_Point_1335,14.279244826599047,121.07812924568849,residential
Sample Residence_Point_1336,14.280145727499947,121.07812924568849,residential
Sample Residence_Point_1337,14.281046628400848,121.07812924568849,residential
Sample Residence_Point_1338,14.281947529301748,121.07812924568849,residential
Sample Residence_Point_1339,14.282848430202648,121.07812924568849,residential
Sample Residence_Point_1340,14.283749331103548,121.07812924568849,residential
Sample Residence_Point_1341,14.284650232004449,121.07812924568849,residential
Sample Residence_Point_1342,14.285551132905349,121.07812924568849,residential
Sample Residence_Point_1343,14.286452033806249,121.07812924568849,residential
Sample Residence_Point_1344,14.28735293470715,121.07812924568849,residential
Sample Residence_Point_1345,14.28825383560805,121.07812924568849,residential
Sample Residence_Point_1346,14.28915473650895,121.07812924568849,residential
Sample Residence_Point_1347,14.29005563740985,121.07812924568849,residential
Sample Residence_Point_1348,14.29095653831075,121.07812924568849,residential
Sample Residence_Point_1349,14.29185743921165,121.07812924568849,residential
Sample Residence_Point_1350,14.29275834011255,121.07812924568849,residential
Sample Residence_Point_1351,14.29365924101345,121.07812924568849,residential
Sample Residence_Point_1352,14.294560141914351,121.07812924568849,residential
Sample Residence_Point_1353,14.295461042815251,121.07812924568849,residential
Sample Residence_Point_1354,14.296361943716152,121.07812924568849,residential
Sample Residence_Point_1355,14.263028610382843,121.07903014658939,residential
Sample Residence_Point_1356,14.263929511283743,121.07903014658939,residential
Sample Residence_Point_1357,14.264830412184644,121.07903014658939,residential
Sample Residence_Point_1358,14.265731313085544,121.07903014658939,residential
Sample Residence_Point_1359,14.266632213986444,121.07903014658939,residential
Sample Residence_Point_1360,14.267533114887344,121.07903014658939,residential
Sample Residence_Point_1361,14.268434015788245,121.07903014658939,residential
Sample Residence_Point_1362,14.269334916689145,121.07903014658939,residential
Sample Residence_Point_1363,14.270235817590045,121.07903014658939,residential
Sample Residence_Point_1364,14.271136718490945,121.07903014658939,residential
Sample Residence_Point_1365,14.272037619391845,121.07903014658939,residential
Sample Residence_Point_1366,14.272938520292746,121.07903014658939,residential
Sample Residence_Point_1367,14.273839421193646,121.07903014658939,residential
Sample Residence_Point_1368,14.274740322094546,121.07903014658939,residential
Sample Residence_Point_1369,14.275641222995446,121.07903014658939,residential
Sample Residence_Point_1370,14.276542123896347,121.07903014658939,residential
Sample Residence_Point_1371,14.277443024797247,121.07903014658939,residential
Sample Residence_Point_1372,14.278343925698147,121.07903014658939,residential
Sample Residence_Point_1373,14.279244826599047,121.07903014658939,residential
Sample Residence_Point_1374,14.280145727499947,121.07903014658939,residential
Sample Residence_Point_1375,14.281046628400848,121.07903014658939,residential
Sample Residence_Point_1376,14.281947529301748,121.07903014658939,residential
Sample Residence_Point_1377,14.282848430202648,121.07903014658939,residential
Sample Residence_Point_1378,14.283749331103548,121.07903014658939,residential
Sample Residence_Point_1379,14.284650232004449,121.07903014658939,residential
Sample Residence_Point_1380,14.285551132905349,121.07903014658939,residential
Sample Residence_Point_1381,14.286452033806249,121.07903014658939,residential
Sample Residence_Point_1382,14.28735293470715,121.07903014658939,residential
Sample Residence_Point_1383,14.28825383560805,121.07903014658939,residential
Sample Residence_Point_1384,14.28915473650895,121.07903014658939,residential
Sample Residence_Point_1385,14.29005563740985,121.07903014658939,residential
Sample Residence_Point_1386,14.29095653831075,121.07903014658939,residential
Sample Residence_Point_1387,14.29185743921165,121.07903014658939,residential
Sample Residence_Point_1388,14.29275834011255,121.07903014658939,residential
Sample Residence_Point_1389,14.29365924101345,121.07903014658939,residential
Sample Residence_Point_1390,14.294560141914351,121.07903014658939,residential
Sample Residence_Point_1391,14.295461042815251,121.07903014658939,residential
Sample Residence_Point_1392,14.296361943716152,121.07903014658939,residential
Sample Residence_Point_1393,14.297262844617052,121.07903014658939,residential
Sample Residence_Point_1394,14.263929511283743,121.07993104749029,residential
Sample Residence_Point_1395,14.264830412184644,121.07993104749029,residential
Sample Residence_Point_1396,14.265731313085544,121.07993104749029,residential
Sample Residence_Point_1397,14.266632213986444,121.07993104749029,residential
Sample Residence_Point_1398,14.267533114887344,121.07993104749029,residential
Sample Residence_Point_1399,14.268434015788245,121.07993104749029,residential
Sample Residence_Point_1400,14.269334916689145,121.07993104749029,residential
Sample Residence_Point_1401,14.270235817590045,121.07993104749029,residential
Sample Residence_Point_1402,14.271136718490945,121.07993104749029,residential
Sample Residence_Point_1403,14.272037619391845,121.07993104749029,residential
Sample Residence_Point_1404,14.272938520292746,121.07993104749029,residential
Sample Residence_Point_1405,14.273839421193646,121.07993104749029,residential
Sample Residence_Point_1406,14.274740322094546,121.07993104749029,residential
Sample Residence_Point_1407,14.275641222995446,121.07993104749029,residential
Sample Residence_Point_1408,14.276542123896347,121.07993104749029,residential
Sample Residence_Point_1409,14.277443024797247,121.07993104749029,residential
Sample Residence_Point_1410,14.278343925698147,121.07993104749029,residential
Sample Residence_Point_1411,14.279244826599047,121.07993104749029,residential
Sample Residence_Point_1412,14.280145727499947,121.07993104749029,residential
Sample Residence_Point_1413,14.281046628400848,121.07993104749029,residential
Sample Residence_Point_1414,14.281947529301748,121.07993104749029,residential
Sample Residence_Point_1415,14.282848430202648,121.07993104749029,residential
Sample Residence_Point_1416,14.283749331103548,121.07993104749029,residential
Sample Residence_Point_1417,14.284650232004449,121.07993104749029,residential
Sample Residence_Point_1418,14.285551132905349,121.07993104749029,residential
Sample Residence_Point_1419,14.286452033806249,121.07993104749029,residential
Sample Residence_Point_1420,14.28735293470715,121.07993104749029,residential
Sample Residence_Point_1421,14.28825383560805,121.07993104749029,residential
Sample Residence_Point_1422,14.28915473650895,121.07993104749029,residential
Sample Residence_Point_1423,14.29005563740985,121.07993104749029,residential
Sample Residence_Point_1424,14.29095653831075,121.07993104749029,residential
Sample Residence_Point_1425,14.29185743921165,121.07993104749029,residential
Sample Residence_Point_1426,14.29275834011255,121.07993104749029,residential
Sample Residence_Point_1427,14.29365924101345,121.07993104749029,residential
Sample Residence_Point_1428,14.294560141914351,121.07993104749029,residential
Sample Residence_Point_1429,14.295461042815251,121.07993104749029,residential
Sample Residence_Point_1430,14.296361943716152,121.07993104749029,residential
Sample Residence_Point_1431,14.297262844617052,121.07993104749029,residential
Sample Residence_Point_1432,14.298163745517952,121.07993104749029,residential
Sample Residence_Point_1433,14.264830412184644,121.0808319483912,residential
Sample Residence_Point_1434,14.265731313085544,121.0808319483912,residential
Sample Residence_Point_1435,14.266632213986444,121.0808319483912,residential
Sample Residence_Point_1436,14.267533114887344,121.0808319483912,residential
Sample Residence_Point_1437,14.268434015788245,121.0808319483912,residential
Sample Residence_Point_1438,14.269334916689145,121.0808319483912,residential
Sample Residence_Point_1439,14.270235817590045,121.0808319483912,residential
Sample Residence_Point_1440,14.271136718490945,121.0808319483912,residential
Sample Residence_Point_1441,14.272037619391845,121.0808319483912,residential
Sample Residence_Point_1442,14.272938520292746,121.0808319483912,residential
Sample Residence_Point_1443,14.273839421193646,121.0808319483912,residential
Sample Residence_Point_1444,14.274740322094546,121.0808319483912,residential
Sample Residence_Point_1445,14.275641222995446,121.0808319483912,residential
Sample Residence_Point_1446,14.276542123896347,121.0808319483912,residential
Sample Residence_Point_1447,14.277443024797247,121.0808319483912,residential
Sample Residence_Point_1448,14.278343925698147,121.0808319483912,residential
Sample Residence_Point_1449,14.279244826599047,121.0808319483912,residential
Sample Residence_Point_1450,14.280145727499947,121.0808319483912,residential
Sample Residence_Point_1451,14.281046628400848,121.0808319483912,residential
Sample Residence_Point_1452,14.281947529301748,121.0808319483912,residential
Sample Residence_Point_1453,14.282848430202648,121.0808319483912,residential
Sample Residence_Point_1454,14.283749331103548,121.0808319483912,residential
Sample Residence_Point_1455,14.284650232004449,121.0808319483912,residential
Sample Residence_Point_1456,14.285551132905349,121.0808319483912,residential
Sample Residence_Point_1457,14.286452033806249,121.0808319483912,residential
Sample Residence_Point_1458,14.28735293470715,121.0808319483912,residential
Sample Residence_Point_1459,14.28825383560805,121.0808319483912,residential
Sample Residence_Point_1460,14.28915473650895,121.0808319483912,residential
Sample Residence_Point_1461,14.29005563740985,121.0808319483912,residential
Sample Residence_Point_1462,14.29095653831075,121.0808319483912,residential
Sample Residence_Point_1463,14.29185743921165,121.0808319483912,residential
Sample Residence_Point_1464,14.29275834011255,121.0808319483912,residential
Sample Residence_Point_1465,14.29365924101345,121.0808319483912,residential
Sample Residence_Point_1466,14.294560141914351,121.0808319483912,residential
Sample Residence_Point_1467,14.295461042815251,121.0808319483912,residential
Sample Residence_Point_1468,14.296361943716152,121.0808319483912,residential
Sample Residence_Point_1469,14.297262844617052,121.0808319483912,residential
Sample Residence_Point_1470,14.298163745517952,121.0808319483912,residential
Sample Residence_Point_1471,14.265731313085544,121.0817328492921,residential
Sample Residence_Point_1472,14.266632213986444,121.0817328492921,residential
Sample Residence_Point_1473,14.267533114887344,121.0817328492921,residential
Sample Residence_Point_1474,14.268434015788245,121.0817328492921,residential
Sample Residence_Point_1475,14.269334916689145,121.0817328492921,residential
Sample Residence_Point_1476,14.270235817590045,121.0817328492921,residential
Sample Residence_Point_1477,14.271136718490945,121.0817328492921,residential
Sample Residence_Point_1478,14.272037619391845,121.0817328492921,residential
Sample Residence_Point_1479,14.272938520292746,121.0817328492921,residential
Sample Residence_Point_1480,14.273839421193646,121.0817328492921,residential
Sample Residence_Point_1481,14.274740322094546,121.0817328492921,residential
Sample Residence_Point_1482,14.275641222995446,121.0817328492921,residential
Sample Residence_Point_1483,14.276542123896347,121.0817328492921,residential
Sample Residence_Point_1484,14.277443024797247,121.0817328492921,residential
Sample Residence_Point_1485,14.278343925698147,121.0817328492921,residential
Sample Residence_Point_1486,14.279244826599047,121.0817328492921,residential
Sample Residence_Point_1487,14.280145727499947,121.0817328492921,residential
Sample Residence_Point_1488,14.281046628400848,121.0817328492921,residential
Sample Residence_Point_1489,14.281947529301748,121.0817328492921,residential
Sample Residence_Point_1490,14.282848430202648,121.0817328492921,residential
Sample Residence_Point_1491,14.283749331103548,121.0817328492921,residential
Sample Residence_Point_1492,14.284650232004449,121.0817328492921,residential
Sample Residence_Point_1493,14.285551132905349,121.0817328492921,residential
Sample Residence_Point_1494,14.286452033806249,121.0817328492921,residential
Sample Residence_Point_1495,14.28735293470715,121.0817328492921,residential
Sample Residence_Point_1496,14.28825383560805,121.0817328492921,residential
Sample Residence_Point_1497,14.28915473650895,121.0817328492921,residential
Sample Residence_Point_1498,14.29005563740985,121.0817328492921,residential
Sample Residence_Point_1499,14.29095653831075,121.0817328492921,residential
Sample Residence_Point_1500,14.29185743921165,121.0817328492921,residential
Sample Residence_Point_1501,14.29275834011255,121.0817328492921,residential
Sample Residence_Point_1502,14.29365924101345,121.0817328492921,residential
Sample Residence_Point_1503,14.294560141914351,121.0817328492921,residential
Sample Residence_Point_1504,14.295461042815251,121.0817328492921,residential
Sample Residence_Point_1505,14.296361943716152,121.0817328492921,residential
Sample Residence_Point_1506,14.297262844617052,121.0817328492921,residential
Sample Residence_Point_1507,14.266632213986444,121.082633750193,residential
Sample Residence_Point_1508,14.267533114887344,121.082633750193,residential
Sample Residence_Point_1509,14.268434015788245,121.082633750193,residential
Sample Residence_Point_1510,14.269334916689145,121.082633750193,residential
Sample Residence_Point_1511,14.270235817590045,121.082633750193,residential
Sample Residence_Point_1512,14.271136718490945,121.082633750193,residential
Sample Residence_Point_1513,14.272037619391845,121.082633750193,residential
Sample Residence_Point_1514,14.272938520292746,121.082633750193,residential
Sample Residence_Point_1515,14.273839421193646,121.082633750193,residential
Sample Residence_Point_1516,14.274740322094546,121.082633750193,residential
Sample Residence_Point_1517,14.275641222995446,121.082633750193,residential
Sample Residence_Point_1518,14.276542123896347,121.082633750193,residential
Sample Residence_Point_1519,14.277443024797247,121.082633750193,residential
Sample Residence_Point_1520,14.278343925698147,121.082633750193,residential
Sample Residence_Point_1521,14.279244826599047,121.082633750193,residential
Sample Residence_Point_1522,14.280145727499947,121.082633750193,residential
Sample Residence_Point_1523,14.281046628400848,121.082633750193,residential
Sample Residence_Point_1524,14.281947529301748,121.082633750193,residential
Sample Residence_Point_1525,14.282848430202648,121.082633750193,residential
Sample Residence_Point_1526,14.283749331103548,121.082633750193,residential
Sample Residence_Point_1527,14.284650232004449,121.082633750193,residential
Sample Residence_Point_1528,14.285551132905349,121.082633750193,residential
Sample Residence_Point_1529,14.286452033806249,121.082633750193,residential
Sample Residence_Point_1530,14.28735293470715,121.082633750193,residential
Sample Residence_Point_1531,14.28825383560805,121.082633750193,residential
Sample Residence_Point_1532,14.28915473650895,121.082633750193,residential
Sample Residence_Point_1533,14.29005563740985,121.082633750193,residential
Sample Residence_Point_1534,14.29095653831075,121.082633750193,residential
Sample Residence_Point_1535,14.29185743921165,121.082633750193,residential
Sample Residence_Point_1536,14.29275834011255,121.082633750193,residential
Sample Residence_Point_1537,14.29365924101345,121.082633750193,residential
Sample Residence_Point_1538,14.294560141914351,121.082633750193,residential
Sample Residence_Point_1539,14.295461042815251,121.082633750193,residential
Sample Residence_Point_1540,14.267533114887344,121.0835346510939,residential
Sample Residence_Point_1541,14.268434015788245,121.0835346510939,residential
Sample Residence_Point_1542,14.269334916689145,121.0835346510939,residential
Sample Residence_Point_1543,14.270235817590045,121.0835346510939,residential
Sample Residence_Point_1544,14.271136718490945,121.0835346510939,residential
Sample Residence_Point_1545,14.272037619391845,121.0835346510939,residential
Sample Residence_Point_1546,14.272938520292746,121.0835346510939,residential
Sample Residence_Point_1547,14.273839421193646,121.0835346510939,residential
Sample Residence_Point_1548,14.274740322094546,121.0835346510939,residential
Sample Residence_Point_1549,14.275641222995446,121.0835346510939,residential
Sample Residence_Point_1550,14.276542123896347,121.0835346510939,residential
Sample Residence_Point_1551,14.277443024797247,121.0835346510939,residential
Sample Residence_Point_1552,14.278343925698147,121.0835346510939,residential
Sample Residence_Point_1553,14.279244826599047,121.0835346510939,residential
Sample Residence_Point_1554,14.280145727499947,121.0835346510939,residential
Sample Residence_Point_1555,14.281046628400848,121.0835346510939,residential
Sample Residence_Point_1556,14.281947529301748,121.0835346510939,residential
Sample Residence_Point_1557,14.282848430202648,121.0835346510939,residential
Sample Residence_Point_1558,14.283749331103548,121.0835346510939,residential
Sample Residence_Point_1559,14.284650232004449,121.0835346510939,residential
Sample Residence_Point_1560,14.285551132905349,121.0835346510939,residential
Sample Residence_Point_1561,14.286452033806249,121.0835346510939,residential
Sample Residence_Point_1562,14.28735293470715,121.0835346510939,residential
Sample Residence_Point_1563,14.28825383560805,121.0835346510939,residential
Sample Residence_Point_1564,14.28915473650895,121.0835346510939,residential
Sample Residence_Point_1565,14.29005563740985,121.0835346510939,residential
Sample Residence_Point_1566,14.29095653831075,121.0835346510939,residential
Sample Residence_Point_1567,14.29185743921165,121.0835346510939,residential
Sample Residence_Point_1568,14.29275834011255,121.0835346510939,residential
Sample Residence_Point_1569,14.29365924101345,121.0835346510939,residential
Sample Residence_Point_1570,14.268434015788245,121.0844355519948,residential
Sample Residence_Point_1571,14.269334916689145,121.0844355519948,residential
Sample Residence_Point_1572,14.270235817590045,121.0844355519948,residential
Sample Residence_Point_1573,14.271136718490945,121.0844355519948,residential
Sample Residence_Point_1574,14.272037619391845,121.0844355519948,residential
Sample Residence_Point_1575,14.272938520292746,121.0844355519948,residential
Sample Residence_Point_1576,14.273839421193646,121.0844355519948,residential
Sample Residence_Point_1577,14.274740322094546,121.0844355519948,residential
Sample Residence_Point_1578,14.275641222995446,121.0844355519948,residential
Sample Residence_Point_1579,14.276542123896347,121.0844355519948,residential
Sample Residence_Point_1580,14.277443024797247,121.0844355519948,residential
Sample Residence_Point_1581,14.278343925698147,121.0844355519948,residential
Sample Residence_Point_1582,14.279244826599047,121.0844355519948,residential
Sample Residence_Point_1583,14.280145727499947,121.0844355519948,residential
Sample Residence_Point_1584,14.281046628400848,121.0844355519948,residential
Sample Residence_Point_1585,14.281947529301748,121.0844355519948,residential
Sample Residence_Point_1586,14.282848430202648,121.0844355519948,residential
Sample Residence_Point_1587,14.283749331103548,121.0844355519948,residential
Sample Residence_Point_1588,14.284650232004449,121.0844355519948,residential
Sample Residence_Point_1589,14.285551132905349,121.0844355519948,residential
Sample Residence_Point_1590,14.286452033806249,121.0844355519948,residential
Sample Residence_Point_1591,14.28735293470715,121.0844355519948,residential
Sample Residence_Point_1592,14.28825383560805,121.0844355519948,residential
Sample Residence_Point_1593,14.28915473650895,121.0844355519948,residential
Sample Residence_Point_1594,14.29005563740985,121.0844355519948,residential
Sample Residence_Point_1595,14.29095653831075,121.0844355519948,residential
Sample Residence_Point_1596,14.29185743921165,121.0844355519948,residential
Sample Residence_Point_1597,14.269334916689145,121.0853364528957,residential
Sample Residence_Point_1598,14.270235817590045,121.0853364528957,residential
Sample Residence_Point_1599,14.271136718490945,121.0853364528957,residential
Sample Residence_Point_1600,14.272037619391845,121.0853364528957,residential
Sample Residence_Point_1601,14.272938520292746,121.0853364528957,residential
Sample Residence_Point_1602,14.273839421193646,121.0853364528957,residential
Sample Residence_Point_1603,14.274740322094546,121.0853364528957,residential
Sample Residence_Point_1604,14.275641222995446,121.0853364528957,residential
Sample Residence_Point_1605,14.276542123896347,121.0853364528957,residential
Sample Residence_Point_1606,14.277443024797247,121.0853364528957,residential
Sample Residence_Point_1607,14.278343925698147,121.0853364528957,residential
Sample Residence_Point_1608,14.279244826599047,121.0853364528957,residential
Sample Residence_Point_1609,14.280145727499947,121.0853364528957,residential
Sample Residence_Point_1610,14.281046628400848,121.0853364528957,residential
Sample Residence_Point_1611,14.281947529301748,121.0853364528957,residential
Sample Residence_Point_1612,14.282848430202648,121.0853364528957,residential
Sample Residence_Point_1613,14.283749331103548,121.0853364528957,residential
Sample Residence_Point_1614,14.284650232004449,121.0853364528957,residential
Sample Residence_Point_1615,14.285551132905349,121.0853364528957,residential
Sample Residence_Point_1616,14.286452033806249,121.0853364528957,residential
Sample Residence_Point_1617,14.28735293470715,121.0853364528957,residential
Sample Residence_Point_1618,14.28825383560805,121.0853364528957,residential
Sample Residence_Point_1619,14.28915473650895,121.0853364528957,residential
Sample Residence_Point_1620,14.29005563740985,121.0853364528957,residential
Sample Residence_Point_1621,14.29095653831075,121.0853364528957,residential
Sample Residence_Point_1622,14.270235817590045,121.0862373537966,residential
Sample Residence_Point_1623,14.271136718490945,121.0862373537966,residential
Sample Residence_Point_1624,14.272037619391845,121.0862373537966,residential
Sample Residence_Point_1625,14.272938520292746,121.0862373537966,residential
Sample Residence_Point_1626,14.273839421193646,121.0862373537966,residential
Sample Residence_Point_1627,14.274740322094546,121.0862373537966,residential
Sample Residence_Point_1628,14.275641222995446,121.0862373537966,residential
Sample Residence_Point_1629,14.276542123896347,121.0862373537966,residential
Sample Residence_Point_1630,14.277443024797247,121.0862373537966,residential
Sample Residence_Point_1631,14.278343925698147,121.0862373537966,residential
Sample Residence_Point_1632,14.279244826599047,121.0862373537966,residential
Sample Residence_Point_1633,14.280145727499947,121.0862373537966,residential
Sample Residence_Point_1634,14.281046628400848,121.0862373537966,residential
Sample Residence_Point_1635,14.281947529301748,121.0862373537966,residential
Sample Residence_Point_1636,14.282848430202648,121.0862373537966,residential
Sample Residence_Point_1637,14.283749331103548,121.0862373537966,residential
Sample Residence_Point_1638,14.284650232004449,121.0862373537966,residential
Sample Residence_Point_1639,14.285551132905349,121.0862373537966,residential
Sample Residence_Point_1640,14.286452033806249,121.0862373537966,residential
Sample Residence_Point_1641,14.28735293470715,121.0862373537966,residential
Sample Residence_Point_1642,14.28825383560805,121.0862373537966,residential
Sample Residence_Point_1643,14.28915473650895,121.0862373537966,residential
Sample Residence_Point_1644,14.271136718490945,121.0871382546975,residential
Sample Residence_Point_1645,14.272037619391845,121.0871382546975,residential
Sample Residence_Point_1646,14.272938520292746,121.0871382546975,residential
Sample Residence_Point_1647,14.273839421193646,121.0871382546975,residential
Sample Residence_Point_1648,14.274740322094546,121.0871382546975,residential
Sample Residence_Point_1649,14.275641222995446,121.0871382546975,residential
Sample Residence_Point_1650,14.276542123896347,121.0871382546975,residential
Sample Residence_Point_1651,14.277443024797247,121.0871382546975,residential
Sample Residence_Point_1652,14.278343925698147,121.0871382546975,residential
Sample Residence_Point_1653,14.279244826599047,121.0871382546975,residential
Sample Residence_Point_1654,14.280145727499947,121.0871382546975,residential
Sample Residence_Point_1655,14.281046628400848,121.0871382546975,residential
Sample Residence_Point_1656,14.281947529301748,121.0871382546975,residential
Sample Residence_Point_1657,14.282848430202648,121.0871382546975,residential
Sample Residence_Point_1658,14.283749331103548,121.0871382546975,residential
Sample Residence_Point_1659,14.284650232004449,121.0871382546975,residential
Sample Residence_Point_1660,14.285551132905349,121.0871382546975,residential
Sample Residence_Point_1661,14.286452033806249,121.0871382546975,residential
Sample Residence_Point_1662,14.28735293470715,121.0871382546975,residential
Sample Residence_Point_1663,14.272037619391845,121.08803915559841,residential
Sample Residence_Point_1664,14.272938520292746,121.08803915559841,residential
Sample Residence_Point_1665,14.273839421193646,121.08803915559841,residential
Sample Residence_Point_1666,14.274740322094546,121.08803915559841,residential
Sample Residence_Point_1667,14.275641222995446,121.08803915559841,residential
Sample Residence_Point_1668,14.276542123896347,121.08803915559841,residential
Sample Residence_Point_1669,14.277443024797247,121.08803915559841,residential
Sample Residence_Point_1670,14.278343925698147,121.08803915559841,residential
Sample Residence_Point_1671,14.279244826599047,121.08803915559841,residential
Sample Residence_Point_1672,14.280145727499947,121.08803915559841,residential
Sample Residence_Point_1673,14.281046628400848,121.08803915559841,residential
Sample Residence_Point_1674,14.281947529301748,121.08803915559841,residential
Sample Residence_Point_1675,14.282848430202648,121.08803915559841,residential
Sample Residence_Point_1676,14.283749331103548,121.08803915559841,residential
Sample Residence_Point_1677,14.284650232004449,121.08803915559841,residential
Sample Residence_Point_1678,14.285551132905349,121.08803915559841,residential
Sample Residence_Point_1679,14.273839421193646,121.08894005649931,residential
Sample Residence_Point_1680,14.274740322094546,121.08894005649931,residential
Sample Residence_Point_1681,14.275641222995446,121.08894005649931,residential
Sample Residence_Point_1682,14.276542123896347,121.08894005649931,residential
Sample Residence_Point_1683,14.277443024797247,121.08894005649931,residential
Sample Residence_Point_1684,14.278343925698147,121.08894005649931,residential
Sample Residence_Point_1685,14.279244826599047,121.08894005649931,residential
Sample Residence_Point_1686,14.280145727499947,121.08894005649931,residential
Sample Residence_Point_1687,14.281046628400848,121.08894005649931,residential
Sample Residence_Point_1688,14.281947529301748,121.08894005649931,residential
Sample Residence_Point_1689,14.282848430202648,121.08894005649931,residential
Sample Residence_Point_1690,14.283749331103548,121.08894005649931,residential
Sample Residence_Point_1691,14.274740322094546,121.08984095740021,residential
Sample Residence_Point_1692,14.275641222995446,121.08984095740021,residential
Sample Residence_Point_1693,14.276542123896347,121.08984095740021,residential
Sample Residence_Point_1694,14.277443024797247,121.08984095740021,residential
Sample Residence_Point_1695,14.278343925698147,121.08984095740021,residential
Sample Residence_Point_1696,14.279244826599047,121.08984095740021,residential
Sample Residence_Point_1697,14.280145727499947,121.08984095740021,residential
Sample Residence_Point_1698,14.281046628400848,121.08984095740021,residential
Sample Residence_Point_1699,14.281947529301748,121.08984095740021,residential
Sample Residence_Point_1700,14.282848430202648,121.08984095740021,residential
Sample Residence_Point_1701,14.275641222995446,121.09074185830112,residential
Sample Residence_Point_1702,14.276542123896347,121.09074185830112,residential
Sample Residence_Point_1703,14.277443024797247,121.09074185830112,residential
Sample Residence_Point_1704,14.278343925698147,121.09074185830112,residential
Sample Residence_Point_1705,14.279244826599047,121.09074185830112,residential
Sample Residence_Point_1706,14.280145727499947,121.09074185830112,residential
Sample Residence_Point_1707,14.281046628400848,121.09074185830112,residential
Sample Residence_Point_1708,14.276542123896347,121.09164275920202,residential
Sample Residence_Point_1709,14.277443024797247,121.09164275920202,residential
Sample Residence_Point_1710,14.278343925698147,121.09164275920202,residential
Sample Residence_Point_1711,14.279244826599047,121.09164275920202,residential
Sample Residence_Point_1712,14.277443024797247,121.09254366010292,residential
