Facility,Lat,Long,Archetype
Sample Residence,14.270044981064682,121.07028267569753,residential
Sample Residence_Point_1,14.265926011909844,121.0514581499,residential
Sample Residence_Point_2,14.266826912810744,121.0514581499,residential
Sample Residence_Point_3,14.267727813711645,121.0514581499,residential
Sample Residence_Point_4,14.268628714612545,121.0514581499,residential
Sample Residence_Point_5,14.269529615513445,121.0514581499,residential
Sample Residence_Point_6,14.270430516414345,121.0514581499,residential
Sample Residence_Point_7,14.271331417315245,121.0514581499,residential
Sample Residence_Point_8,14.272232318216146,121.0514581499,residential
Sample Residence_Point_9,14.273133219117046,121.0514581499,residential
Sample Residence_Point_10,14.274034120017946,121.0514581499,residential
Sample Residence_Point_11,14.274935020918846,121.0514581499,residential
Sample Residence_Point_12,14.256917002900842,121.0523590508009,residential
Sample Residence_Point_13,14.257817903801742,121.0523590508009,residential
Sample Residence_Point_14,14.258718804702642,121.0523590508009,residential
Sample Residence_Point_15,14.259619705603543,121.0523590508009,residential
Sample Residence_Point_16,14.260520606504443,121.0523590508009,residential
Sample Residence_Point_17,14.261421507405343,121.0523590508009,residential
Sample Residence_Point_18,14.262322408306243,121.0523590508009,residential
Sample Residence_Point_19,14.263223309207143,121.0523590508009,residential
Sample Residence_Point_20,14.264124210108044,121.0523590508009,residential
Sample Residence_Point_21,14.265025111008944,121.0523590508009,residential
Sample Residence_Point_22,14.265926011909844,121.0523590508009,residential
Sample Residence_Point_23,14.266826912810744,121.0523590508009,residential
Sample Residence_Point_24,14.267727813711645,121.0523590508009,residential
Sample Residence_Point_25,14.268628714612545,121.0523590508009,residential
Sample Residence_Point_26,14.269529615513445,121.0523590508009,residential
Sample Residence_Point_27,14.270430516414345,121.0523590508009,residential
Sample Residence_Point_28,14.271331417315245,121.0523590508009,residential
Sample Residence_Point_29,14.272232318216146,121.0523590508009,residential
Sample Residence_Point_30,14.273133219117046,121.0523590508009,residential
Sample Residence_Point_31,14.274034120017946,121.0523590508009,residential
Sample Residence_Point_32,14.274935020918846,121.0523590508009,residential
Sample Residence_Point_33,14.275835921819747,121.0523590508009,residential
Sample Residence_Point_34,14.24880889479274,121.0532599517018,residential
Sample Residence_Point_35,14.24970979569364,121.0532599517018,residential
Sample Residence_Point_36,14.25061069659454,121.0532599517018,residential
Sample Residence_Point_37,14.25151159749544,121.0532599517018,residential
Sample Residence_Point_38,14.25241249839634,121.0532599517018,residential
Sample Residence_Point_39,14.253313399297241,121.0532599517018,residential
Sample Residence_Point_40,14.254214300198141,121.0532599517018,residential
Sample Residence_Point_41,14.255115201099041,121.0532599517018,residential
Sample Residence_Point_42,14.256016101999942,121.0532599517018,residential
Sample Residence_Point_43,14.256917002900842,121.0532599517018,residential
Sample Residence_Point_44,14.257817903801742,121.0532599517018,residential
Sample Residence_Point_45,14.258718804702642,121.0532599517018,residential
Sample Residence_Point_46,14.259619705603543,121.0532599517018,residential
Sample Residence_Point_47,14.260520606504443,121.0532599517018,residential
Sample Residence_Point_48,14.261421507405343,121.0532599517018,residential
Sample Residence_Point_49,14.262322408306243,121.0532599517018,residential
Sample Residence_Point_50,14.263223309207143,121.0532599517018,residential
Sample Residence_Point_51,14.264124210108044,121.0532599517018,residential
Sample Residence_Point_52,14.265025111008944,121.0532599517018,residential
Sample Residence_Point_53,14.265926011909844,121.0532599517018,residential
Sample Residence_Point_54,14.266826912810744,121.0532599517018,residential
Sample Residence_Point_55,14.267727813711645,121.0532599517018,residential
Sample Residence_Point_56,14.268628714612545,121.0532599517018,residential
Sample Residence_Point_57,14.269529615513445,121.0532599517018,residential
Sample Residence_Point_58,14.270430516414345,121.0532599517018,residential
Sample Residence_Point_59,14.271331417315245,121.0532599517018,residential
Sample Residence_Point_60,14.272232318216146,121.0532599517018,residential
Sample Residence_Point_61,14.273133219117046,121.0532599517018,residential
Sample Residence_Point_62,14.274034120017946,121.0532599517018,residential
Sample Residence_Point_63,14.274935020918846,121.0532599517018,residential
Sample Residence_Point_64,14.275835921819747,121.0532599517018,residential
Sample Residence_Point_65,14.239799885783738,121.0541608526027,residential
Sample Residence_Point_66,14.240700786684638,121.0541608526027,residential
Sample Residence_Point_67,14.241601687585538,121.0541608526027,residential
Sample Residence_Point_68,14.242502588486438,121.0541608526027,residential
Sample Residence_Point_69,14.243403489387338,121.0541608526027,residential
Sample Residence_Point_70,14.244304390288239,121.0541608526027,residential
Sample Residence_Point_71,14.245205291189139,121.0541608526027,residential
Sample Residence_Point_72,14.24610619209004,121.0541608526027,residential
Sample Residence_Point_73,14.24700709299094,121.0541608526027,residential
Sample Residence_Point_74,14.24790799389184,121.0541608526027,residential
Sample Residence_Point_75,14.24880889479274,121.0541608526027,residential
Sample Residence_Point_76,14.24970979569364,121.0541608526027,residential
Sample Residence_Point_77,14.25061069659454,121.0541608526027,residential
Sample Residence_Point_78,14.25151159749544,121.0541608526027,residential
Sample Residence_Point_79,14.25241249839634,121.0541608526027,residential
Sample Residence_Point_80,14.253313399297241,121.0541608526027,residential
Sample Residence_Point_81,14.254214300198141,121.0541608526027,residential
Sample Residence_Point_82,14.255115201099041,121.0541608526027,residential
Sample Residence_Point_83,14.256016101999942,121.0541608526027,residential
Sample Residence_Point_84,14.256917002900842,121.0541608526027,residential
Sample Residence_Point_85,14.257817903801742,121.0541608526027,residential
Sample Residence_Point_86,14.258718804702642,121.0541608526027,residential
Sample Residence_Point_87,14.259619705603543,121.0541608526027,residential
Sample Residence_Point_88,14.260520606504443,121.0541608526027,residential
Sample Residence_Point_89,14.261421507405343,121.0541608526027,residential
Sample Residence_Point_90,14.262322408306243,121.0541608526027,residential
Sample Residence_Point_91,14.263223309207143,121.0541608526027,residential
Sample Residence_Point_92,14.264124210108044,121.0541608526027,residential
Sample Residence_Point_93,14.265025111008944,121.0541608526027,residential
Sample Residence_Point_94,14.265926011909844,121.0541608526027,residential
Sample Residence_Point_95,14.266826912810744,121.0541608526027,residential
Sample Residence_Point_96,14.267727813711645,121.0541608526027,residential
Sample Residence_Point_97,14.268628714612545,121.0541608526027,residential
Sample Residence_Point_98,14.269529615513445,121.0541608526027,residential
Sample Residence_Point_99,14.270430516414345,121.0541608526027,residential
Sample Residence_Point_100,14.271331417315245,121.0541608526027,residential
Sample Residence_Point_101,14.272232318216146,121.0541608526027,residential
Sample Residence_Point_102,14.273133219117046,121.0541608526027,residential
Sample Residence_Point_103,14.274034120017946,121.0541608526027,residential
Sample Residence_Point_104,14.274935020918846,121.0541608526027,residential
Sample Residence_Point_105,14.275835921819747,121.0541608526027,residential
Sample Residence_Point_106,14.276736822720647,121.0541608526027,residential
Sample Residence_Point_107,14.232592678576536,121.05506175350361,residential
Sample Residence_Point_108,14.233493579477436,121.05506175350361,residential
Sample Residence_Point_109,14.234394480378336,121.05506175350361,residential
Sample Residence_Point_110,14.235295381279236,121.05506175350361,residential
Sample Residence_Point_111,14.236196282180137,121.05506175350361,residential
Sample Residence_Point_112,14.237097183081037,121.05506175350361,residential
Sample Residence_Point_113,14.237998083981937,121.05506175350361,residential
Sample Residence_Point_114,14.238898984882837,121.05506175350361,residential
Sample Residence_Point_115,14.239799885783738,121.05506175350361,residential
Sample Residence_Point_116,14.240700786684638,121.05506175350361,residential
Sample Residence_Point_117,14.241601687585538,121.05506175350361,residential
Sample Residence_Point_118,14.242502588486438,121.05506175350361,residential
Sample Residence_Point_119,14.243403489387338,121.05506175350361,residential
Sample Residence_Point_120,14.244304390288239,121.05506175350361,residential
Sample Residence_Point_121,14.245205291189139,121.05506175350361,residential
Sample Residence_Point_122,14.24610619209004,121.05506175350361,residential
Sample Residence_Point_123,14.24700709299094,121.05506175350361,residential
Sample Residence_Point_124,14.24790799389184,121.05506175350361,residential
Sample Residence_Point_125,14.24880889479274,121.05506175350361,residential
Sample Residence_Point_126,14.24970979569364,121.05506175350361,residential
Sample Residence_Point_127,14.25061069659454,121.05506175350361,residential
Sample Residence_Point_128,14.25151159749544,121.05506175350361,residential
Sample Residence_Point_129,14.25241249839634,121.05506175350361,residential
Sample Residence_Point_130,14.253313399297241,121.05506175350361,residential
Sample Residence_Point_131,14.254214300198141,121.05506175350361,residential
Sample Residence_Point_132,14.255115201099041,121.05506175350361,residential
Sample Residence_Point_133,14.256016101999942,121.05506175350361,residential
Sample Residence_Point_134,14.256917002900842,121.05506175350361,residential
Sample Residence_Point_135,14.257817903801742,121.05506175350361,residential
Sample Residence_Point_136,14.258718804702642,121.05506175350361,residential
Sample Residence_Point_137,14.259619705603543,121.05506175350361,residential
Sample Residence_Point_138,14.260520606504443,121.05506175350361,residential
Sample Residence_Point_139,14.261421507405343,121.05506175350361,residential
Sample Residence_Point_140,14.262322408306243,121.05506175350361,residential
Sample Residence_Point_141,14.263223309207143,121.05506175350361,residential
Sample Residence_Point_142,14.264124210108044,121.05506175350361,residential
Sample Residence_Point_143,14.265025111008944,121.05506175350361,residential
Sample Residence_Point_144,14.265926011909844,121.05506175350361,residential
Sample Residence_Point_145,14.266826912810744,121.05506175350361,residential
Sample Residence_Point_146,14.267727813711645,121.05506175350361,residential
Sample Residence_Point_147,14.268628714612545,121.05506175350361,residential
Sample Residence_Point_148,14.269529615513445,121.05506175350361,residential
Sample Residence_Point_149,14.270430516414345,121.05506175350361,residential
Sample Residence_Point_150,14.271331417315245,121.05506175350361,residential
Sample Residence_Point_151,14.272232318216146,121.05506175350361,residential
Sample Residence_Point_152,14.273133219117046,121.05506175350361,residential
Sample Residence_Point_153,14.274034120017946,121.05506175350361,residential
Sample Residence_Point_154,14.274935020918846,121.05506175350361,residential
Sample Residence_Point_155,14.275835921819747,121.05506175350361,residential
Sample Residence_Point_156,14.276736822720647,121.05506175350361,residential
Sample Residence_Point_157,14.277637723621547,121.05506175350361,residential
Sample Residence_Point_158,14.233493579477436,121.05596265440451,residential
Sample Residence_Point_159,14.234394480378336,121.05596265440451,residential
Sample Residence_Point_160,14.235295381279236,121.05596265440451,residential
Sample Residence_Point_161,14.236196282180137,121.05596265440451,residential
Sample Residence_Point_162,14.237097183081037,121.05596265440451,residential
Sample Residence_Point_163,14.237998083981937,121.05596265440451,residential
Sample Residence_Point_164,14.238898984882837,121.05596265440451,residential
Sample Residence_Point_165,14.239799885783738,121.05596265440451,residential
Sample Residence_Point_166,14.240700786684638,121.05596265440451,residential
Sample Residence_Point_167,14.241601687585538,121.05596265440451,residential
Sample Residence_Point_168,14.242502588486438,121.05596265440451,residential
Sample Residence_Point_169,14.243403489387338,121.05596265440451,residential
Sample Residence_Point_170,14.244304390288239,121.05596265440451,residential
Sample Residence_Point_171,14.245205291189139,121.05596265440451,residential
Sample Residence_Point_172,14.24610619209004,121.05596265440451,residential
Sample Residence_Point_173,14.24700709299094,121.05596265440451,residential
Sample Residence_Point_174,14.24790799389184,121.05596265440451,residential
Sample Residence_Point_175,14.24880889479274,121.05596265440451,residential
Sample Residence_Point_176,14.24970979569364,121.05596265440451,residential
Sample Residence_Point_177,14.25061069659454,121.05596265440451,residential
Sample Residence_Point_178,14.25151159749544,121.05596265440451,residential
Sample Residence_Point_179,14.25241249839634,121.05596265440451,residential
Sample Residence_Point_180,14.253313399297241,121.05596265440451,residential
Sample Residence_Point_181,14.254214300198141,121.05596265440451,residential
Sample Residence_Point_182,14.255115201099041,121.05596265440451,residential
Sample Residence_Point_183,14.256016101999942,121.05596265440451,residential
Sample Residence_Point_184,14.256917002900842,121.05596265440451,residential
Sample Residence_Point_185,14.257817903801742,121.05596265440451,residential
Sample Residence_Point_186,14.258718804702642,121.05596265440451,residential
Sample Residence_Point_187,14.259619705603543,121.05596265440451,residential
Sample Residence_Point_188,14.260520606504443,121.05596265440451,residential
Sample Residence_Point_189,14.261421507405343,121.05596265440451,residential
Sample Residence_Point_190,14.262322408306243,121.05596265440451,residential
Sample Residence_Point_191,14.263223309207143,121.05596265440451,residential
Sample Residence_Point_192,14.264124210108044,121.05596265440451,residential
Sample Residence_Point_193,14.265025111008944,121.05596265440451,residential
Sample Residence_Point_194,14.265926011909844,121.05596265440451,residential
Sample Residence_Point_195,14.266826912810744,121.05596265440451,residential
Sample Residence_Point_196,14.267727813711645,121.05596265440451,residential
Sample Residence_Point_197,14.268628714612545,121.05596265440451,residential
Sample Residence_Point_198,14.269529615513445,121.05596265440451,residential
Sample Residence_Point_199,14.270430516414345,121.05596265440451,residential
Sample Residence_Point_200,14.271331417315245,121.05596265440451,residential
Sample Residence_Point_201,14.272232318216146,121.05596265440451,residential
Sample Residence_Point_202,14.273133219117046,121.05596265440451,residential
Sample Residence_Point_203,14.274034120017946,121.05596265440451,residential
Sample Residence_Point_204,14.274935020918846,121.05596265440451,residential
Sample Residence_Point_205,14.275835921819747,121.05596265440451,residential
Sample Residence_Point_206,14.276736822720647,121.05596265440451,residential
Sample Residence_Point_207,14.277637723621547,121.05596265440451,residential
Sample Residence_Point_208,14.278538624522447,121.05596265440451,residential
Sample Residence_Point_209,14.234394480378336,121.05686355530541,residential
Sample Residence_Point_210,14.235295381279236,121.05686355530541,residential
Sample Residence_Point_211,14.236196282180137,121.05686355530541,residential
Sample Residence_Point_212,14.237097183081037,121.05686355530541,residential
Sample Residence_Point_213,14.237998083981937,121.05686355530541,residential
Sample Residence_Point_214,14.238898984882837,121.05686355530541,residential
Sample Residence_Point_215,14.239799885783738,121.05686355530541,residential
Sample Residence_Point_216,14.240700786684638,121.05686355530541,residential
Sample Residence_Point_217,14.241601687585538,121.05686355530541,residential
Sample Residence_Point_218,14.242502588486438,121.05686355530541,residential
Sample Residence_Point_219,14.243403489387338,121.05686355530541,residential
Sample Residence_Point_220,14.244304390288239,121.05686355530541,residential
Sample Residence_Point_221,14.245205291189139,121.05686355530541,residential
Sample Residence_Point_222,14.24610619209004,121.05686355530541,residential
Sample Residence_Point_223,14.24700709299094,121.05686355530541,residential
Sample Residence_Point_224,14.24790799389184,121.05686355530541,residential
Sample Residence_Point_225,14.24880889479274,121.05686355530541,residential
Sample Residence_Point_226,14.24970979569364,121.05686355530541,residential
Sample Residence_Point_227,14.25061069659454,121.05686355530541,residential
Sample Residence_Point_228,14.25151159749544,121.05686355530541,residential
Sample Residence_Point_229,14.25241249839634,121.05686355530541,residential
Sample Residence_Point_230,14.253313399297241,121.05686355530541,residential
Sample Residence_Point_231,14.254214300198141,121.05686355530541,residential
Sample Residence_Point_232,14.255115201099041,121.05686355530541,residential
Sample Residence_Point_233,14.256016101999942,121.05686355530541,residential
Sample Residence_Point_234,14.256917002900842,121.05686355530541,residential
Sample Residence_Point_235,14.257817903801742,121.05686355530541,residential
Sample Residence_Point_236,14.258718804702642,121.05686355530541,residential
Sample Residence_Point_237,14.259619705603543,121.05686355530541,residential
Sample Residence_Point_238,14.260520606504443,121.05686355530541,residential
Sample Residence_Point_239,14.261421507405343,121.05686355530541,residential
Sample Residence_Point_240,14.262322408306243,121.05686355530541,residential
Sample Residence_Point_241,14.263223309207143,121.05686355530541,residential
Sample Residence_Point_242,14.264124210108044,121.05686355530541,residential
Sample Residence_Point_243,14.265025111008944,121.05686355530541,residential
Sample Residence_Point_244,14.265926011909844,121.05686355530541,residential
Sample Residence_Point_245,14.266826912810744,121.05686355530541,residential
Sample Residence_Point_246,14.267727813711645,121.05686355530541,residential
Sample Residence_Point_247,14.268628714612545,121.05686355530541,residential
Sample Residence_Point_248,14.269529615513445,121.05686355530541,residential
Sample Residence_Point_249,14.270430516414345,121.05686355530541,residential
Sample Residence_Point_250,14.271331417315245,121.05686355530541,residential
Sample Residence_Point_251,14.272232318216146,121.05686355530541,residential
Sample Residence_Point_252,14.273133219117046,121.05686355530541,residential
Sample Residence_Point_253,14.274034120017946,121.05686355530541,residential
Sample Residence_Point_254,14.274935020918846,121.05686355530541,residential
Sample Residence_Point_255,14.275835921819747,121.05686355530541,residential
Sample Residence_Point_256,14.276736822720647,121.05686355530541,residential
Sample Residence_Point_257,14.277637723621547,121.05686355530541,residential
Sample Residence_Point_258,14.278538624522447,121.05686355530541,residential
Sample Residence_Point_259,14.279439525423347,121.05686355530541,residential
Sample Residence_Point_260,14.235295381279236,121.05776445620631,residential
Sample Residence_Point_261,14.236196282180137,121.05776445620631,residential
Sample Residence_Point_262,14.237097183081037,121.05776445620631,residential
Sample Residence_Point_263,14.237998083981937,121.05776445620631,residential
Sample Residence_Point_264,14.238898984882837,121.05776445620631,residential
Sample Residence_Point_265,14.239799885783738,121.05776445620631,residential
Sample Residence_Point_266,14.240700786684638,121.05776445620631,residential
Sample Residence_Point_267,14.241601687585538,121.05776445620631,residential
Sample Residence_Point_268,14.242502588486438,121.05776445620631,residential
Sample Residence_Point_269,14.243403489387338,121.05776445620631,residential
Sample Residence_Point_270,14.244304390288239,121.05776445620631,residential
Sample Residence_Point_271,14.245205291189139,121.05776445620631,residential
Sample Residence_Point_272,14.24610619209004,121.05776445620631,residential
Sample Residence_Point_273,14.24700709299094,121.05776445620631,residential
Sample Residence_Point_274,14.24790799389184,121.05776445620631,residential
Sample Residence_Point_275,14.24880889479274,121.05776445620631,residential
Sample Residence_Point_276,14.24970979569364,121.05776445620631,residential
Sample Residence_Point_277,14.25061069659454,121.05776445620631,residential
Sample Residence_Point_278,14.25151159749544,121.05776445620631,residential
Sample Residence_Point_279,14.25241249839634,121.05776445620631,residential
Sample Residence_Point_280,14.253313399297241,121.05776445620631,residential
Sample Residence_Point_281,14.254214300198141,121.05776445620631,residential
Sample Residence_Point_282,14.255115201099041,121.05776445620631,residential
Sample Residence_Point_283,14.256016101999942,121.05776445620631,residential
Sample Residence_Point_284,14.256917002900842,121.05776445620631,residential
Sample Residence_Point_285,14.257817903801742,121.05776445620631,residential
Sample Residence_Point_286,14.258718804702642,121.05776445620631,residential
Sample Residence_Point_287,14.259619705603543,121.05776445620631,residential
Sample Residence_Point_288,14.260520606504443,121.05776445620631,residential
Sample Residence_Point_289,14.261421507405343,121.05776445620631,residential
Sample Residence_Point_290,14.262322408306243,121.05776445620631,residential
Sample Residence_Point_291,14.263223309207143,121.05776445620631,residential
Sample Residence_Point_292,14.264124210108044,121.05776445620631,residential
Sample Residence_Point_293,14.265025111008944,121.05776445620631,residential
Sample Residence_Point_294,14.265926011909844,121.05776445620631,residential
Sample Residence_Point_295,14.266826912810744,121.05776445620631,residential
Sample Residence_Point_296,14.267727813711645,121.05776445620631,residential
Sample Residence_Point_297,14.268628714612545,121.05776445620631,residential
Sample Residence_Point_298,14.269529615513445,121.05776445620631,residential
Sample Residence_Point_299,14.270430516414345,121.05776445620631,residential
Sample Residence_Point_300,14.271331417315245,121.05776445620631,residential
Sample Residence_Point_301,14.272232318216146,121.05776445620631,residential
Sample Residence_Point_302,14.273133219117046,121.05776445620631,residential
Sample Residence_Point_303,14.274034120017946,121.05776445620631,residential
Sample Residence_Point_304,14.274935020918846,121.05776445620631,residential
Sample Residence_Point_305,14.275835921819747,121.05776445620631,residential
Sample Residence_Point_306,14.276736822720647,121.05776445620631,residential
Sample Residence_Point_307,14.277637723621547,121.05776445620631,residential
Sample Residence_Point_308,14.278538624522447,121.05776445620631,residential
Sample Residence_Point_309,14.279439525423347,121.05776445620631,residential
Sample Residence_Point_310,14.236196282180137,121.05866535710722,residential
Sample Residence_Point_311,14.237097183081037,121.05866535710722,residential
Sample Residence_Point_312,14.237998083981937,121.05866535710722,residential
Sample Residence_Point_313,14.238898984882837,121.05866535710722,residential
Sample Residence_Point_314,14.239799885783738,121.05866535710722,residential
Sample Residence_Point_315,14.240700786684638,121.05866535710722,residential
Sample Residence_Point_316,14.241601687585538,121.05866535710722,residential
Sample Residence_Point_317,14.242502588486438,121.05866535710722,residential
Sample Residence_Point_318,14.243403489387338,121.05866535710722,residential
Sample Residence_Point_319,14.244304390288239,121.05866535710722,residential
Sample Residence_Point_320,14.245205291189139,121.05866535710722,residential
Sample Residence_Point_321,14.24610619209004,121.05866535710722,residential
Sample Residence_Point_322,14.24700709299094,121.05866535710722,residential
Sample Residence_Point_323,14.24790799389184,121.05866535710722,residential
Sample Residence_Point_324,14.24880889479274,121.05866535710722,residential
Sample Residence_Point_325,14.24970979569364,121.05866535710722,residential
Sample Residence_Point_326,14.25061069659454,121.05866535710722,residential
Sample Residence_Point_327,14.25151159749544,121.05866535710722,residential
Sample Residence_Point_328,14.25241249839634,121.05866535710722,residential
Sample Residence_Point_329,14.253313399297241,121.05866535710722,residential
Sample Residence_Point_330,14.254214300198141,121.05866535710722,residential
Sample Residence_Point_331,14.255115201099041,121.05866535710722,residential
Sample Residence_Point_332,14.256016101999942,121.05866535710722,residential
Sample Residence_Point_333,14.256917002900842,121.05866535710722,residential
Sample Residence_Point_334,14.257817903801742,121.05866535710722,residential
Sample Residence_Point_335,14.258718804702642,121.05866535710722,residential
Sample Residence_Point_336,14.259619705603543,121.05866535710722,residential
Sample Residence_Point_337,14.260520606504443,121.05866535710722,residential
Sample Residence_Point_338,14.261421507405343,121.05866535710722,residential
Sample Residence_Point_339,14.262322408306243,121.05866535710722,residential
Sample Residence_Point_340,14.263223309207143,121.05866535710722,residential
Sample Residence_Point_341,14.264124210108044,121.05866535710722,residential
Sample Residence_Point_342,14.265025111008944,121.05866535710722,residential
Sample Residence_Point_343,14.265926011909844,121.05866535710722,residential
Sample Residence_Point_344,14.266826912810744,121.05866535710722,residential
Sample Residence_Point_345,14.267727813711645,121.05866535710722,residential
Sample Residence_Point_346,14.268628714612545,121.05866535710722,residential
Sample Residence_Point_347,14.269529615513445,121.05866535710722,residential
Sample Residence_Point_348,14.270430516414345,121.05866535710722,residential
Sample Residence_Point_349,14.271331417315245,121.05866535710722,residential
Sample Residence_Point_350,14.272232318216146,121.05866535710722,residential
Sample Residence_Point_351,14.273133219117046,121.05866535710722,residential
Sample Residence_Point_352,14.274034120017946,121.05866535710722,residential
Sample Residence_Point_353,14.274935020918846,121.05866535710722,residential
Sample Residence_Point_354,14.275835921819747,121.05866535710722,residential
Sample Residence_Point_355,14.276736822720647,121.05866535710722,residential
Sample Residence_Point_356,14.277637723621547,121.05866535710722,residential
Sample Residence_Point_357,14.278538624522447,121.05866535710722,residential
Sample Residence_Point_358,14.279439525423347,121.05866535710722,residential
Sample Residence_Point_359,14.280340426324248,121.05866535710722,residential
Sample Residence_Point_360,14.237097183081037,121.05956625800812,residential
Sample Residence_Point_361,14.237998083981937,121.05956625800812,residential
Sample Residence_Point_362,14.238898984882837,121.05956625800812,residential
Sample Residence_Point_363,14.239799885783738,121.05956625800812,residential
Sample Residence_Point_364,14.240700786684638,121.05956625800812,residential
Sample Residence_Point_365,14.241601687585538,121.05956625800812,residential
Sample Residence_Point_366,14.242502588486438,121.05956625800812,residential
Sample Residence_Point_367,14.243403489387338,121.05956625800812,residential
Sample Residence_Point_368,14.244304390288239,121.05956625800812,residential
Sample Residence_Point_369,14.245205291189139,121.05956625800812,residential
Sample Residence_Point_370,14.24610619209004,121.05956625800812,residential
Sample Residence_Point_371,14.24700709299094,121.05956625800812,residential
Sample Residence_Point_372,14.24790799389184,121.05956625800812,residential
Sample Residence_Point_373,14.24880889479274,121.05956625800812,residential
Sample Residence_Point_374,14.24970979569364,121.05956625800812,residential
Sample Residence_Point_375,14.25061069659454,121.05956625800812,residential
Sample Residence_Point_376,14.25151159749544,121.05956625800812,residential
Sample Residence_Point_377,14.25241249839634,121.05956625800812,residential
Sample Residence_Point_378,14.253313399297241,121.05956625800812,residential
Sample Residence_Point_379,14.254214300198141,121.05956625800812,residential
Sample Residence_Point_380,14.255115201099041,121.05956625800812,residential
Sample Residence_Point_381,14.256016101999942,121.05956625800812,residential
Sample Residence_Point_382,14.256917002900842,121.05956625800812,residential
Sample Residence_Point_383,14.257817903801742,121.05956625800812,residential
Sample Residence_Point_384,14.258718804702642,121.05956625800812,residential
Sample Residence_Point_385,14.259619705603543,121.05956625800812,residential
Sample Residence_Point_386,14.260520606504443,121.05956625800812,residential
Sample Residence_Point_387,14.261421507405343,121.05956625800812,residential
Sample Residence_Point_388,14.262322408306243,121.05956625800812,residential
Sample Residence_Point_389,14.263223309207143,121.05956625800812,residential
Sample Residence_Point_390,14.264124210108044,121.05956625800812,residential
Sample Residence_Point_391,14.265025111008944,121.05956625800812,residential
Sample Residence_Point_392,14.265926011909844,121.05956625800812,residential
Sample Residence_Point_393,14.266826912810744,121.05956625800812,residential
Sample Residence_Point_394,14.267727813711645,121.05956625800812,residential
Sample Residence_Point_395,14.268628714612545,121.05956625800812,residential
Sample Residence_Point_396,14.269529615513445,121.05956625800812,residential
Sample Residence_Point_397,14.270430516414345,121.05956625800812,residential
Sample Residence_Point_398,14.271331417315245,121.05956625800812,residential
Sample Residence_Point_399,14.272232318216146,121.05956625800812,residential
Sample Residence_Point_400,14.273133219117046,121.05956625800812,residential
Sample Residence_Point_401,14.274034120017946,121.05956625800812,residential
Sample Residence_Point_402,14.274935020918846,121.05956625800812,residential
Sample Residence_Point_403,14.275835921819747,121.05956625800812,residential
Sample Residence_Point_404,14.276736822720647,121.05956625800812,residential
Sample Residence_Point_405,14.277637723621547,121.05956625800812,residential
Sample Residence_Point_406,14.278538624522447,121.05956625800812,residential
Sample Residence_Point_407,14.279439525423347,121.05956625800812,residential
Sample Residence_Point_408,14.280340426324248,121.05956625800812,residential
Sample Residence_Point_409,14.281241327225148,121.05956625800812,residential
Sample Residence_Point_410,14.237998083981937,121.06046715890902,residential
Sample Residence_Point_411,14.238898984882837,121.06046715890902,residential
Sample Residence_Point_412,14.239799885783738,121.06046715890902,residential
Sample Residence_Point_413,14.240700786684638,121.06046715890902,residential
Sample Residence_Point_414,14.241601687585538,121.06046715890902,residential
Sample Residence_Point_415,14.242502588486438,121.06046715890902,residential
Sample Residence_Point_416,14.243403489387338,121.06046715890902,residential
Sample Residence_Point_417,14.244304390288239,121.06046715890902,residential
Sample Residence_Point_418,14.245205291189139,121.06046715890902,residential
Sample Residence_Point_419,14.24610619209004,121.06046715890902,residential
Sample Residence_Point_420,14.24700709299094,121.06046715890902,residential
Sample Residence_Point_421,14.24790799389184,121.06046715890902,residential
Sample Residence_Point_422,14.24880889479274,121.06046715890902,residential
Sample Residence_Point_423,14.24970979569364,121.06046715890902,residential
Sample Residence_Point_424,14.25061069659454,121.06046715890902,residential
Sample Residence_Point_425,14.25151159749544,121.06046715890902,residential
Sample Residence_Point_426,14.25241249839634,121.06046715890902,residential
Sample Residence_Point_427,14.253313399297241,121.06046715890902,residential
Sample Residence_Point_428,14.254214300198141,121.06046715890902,residential
Sample Residence_Point_429,14.255115201099041,121.06046715890902,residential
Sample Residence_Point_430,14.256016101999942,121.06046715890902,residential
Sample Residence_Point_431,14.256917002900842,121.06046715890902,residential
Sample Residence_Point_432,14.257817903801742,121.06046715890902,residential
Sample Residence_Point_433,14.258718804702642,121.06046715890902,residential
Sample Residence_Point_434,14.259619705603543,121.06046715890902,residential
Sample Residence_Point_435,14.260520606504443,121.06046715890902,residential
Sample Residence_Point_436,14.261421507405343,121.06046715890902,residential
Sample Residence_Point_437,14.262322408306243,121.06046715890902,residential
Sample Residence_Point_438,14.263223309207143,121.06046715890902,residential
Sample Residence_Point_439,14.264124210108044,121.06046715890902,residential
Sample Residence_Point_440,14.265025111008944,121.06046715890902,residential
Sample Residence_Point_441,14.265926011909844,121.06046715890902,residential
Sample Residence_Point_442,14.266826912810744,121.06046715890902,residential
Sample Residence_Point_443,14.267727813711645,121.06046715890902,residential
Sample Residence_Point_444,14.268628714612545,121.06046715890902,residential
Sample Residence_Point_445,14.269529615513445,121.06046715890902,residential
Sample Residence_Point_446,14.270430516414345,121.06046715890902,residential
Sample Residence_Point_447,14.271331417315245,121.06046715890902,residential
Sample Residence_Point_448,14.272232318216146,121.06046715890902,residential
Sample Residence_Point_449,14.273133219117046,121.06046715890902,residential
Sample Residence_Point_450,14.274034120017946,121.06046715890902,residential
Sample Residence_Point_451,14.274935020918846,121.06046715890902,residential
Sample Residence_Point_452,14.275835921819747,121.06046715890902,residential
Sample Residence_Point_453,14.276736822720647,121.06046715890902,residential
Sample Residence_Point_454,14.277637723621547,121.06046715890902,residential
Sample Residence_Point_455,14.278538624522447,121.06046715890902,residential
Sample Residence_Point_456,14.279439525423347,121.06046715890902,residential
Sample Residence_Point_457,14.280340426324248,121.06046715890902,residential
Sample Residence_Point_458,14.281241327225148,121.06046715890902,residential
Sample Residence_Point_459,14.282142228126048,121.06046715890902,residential
Sample Residence_Point_460,14.238898984882837,121.06136805980992,residential
Sample Residence_Point_461,14.239799885783738,121.06136805980992,residential
Sample Residence_Point_462,14.240700786684638,121.06136805980992,residential
Sample Residence_Point_463,14.241601687585538,121.06136805980992,residential
Sample Residence_Point_464,14.242502588486438,121.06136805980992,residential
Sample Residence_Point_465,14.243403489387338,121.06136805980992,residential
Sample Residence_Point_466,14.244304390288239,121.06136805980992,residential
Sample Residence_Point_467,14.245205291189139,121.06136805980992,residential
Sample Residence_Point_468,14.24610619209004,121.06136805980992,residential
Sample Residence_Point_469,14.24700709299094,121.06136805980992,residential
Sample Residence_Point_470,14.24790799389184,121.06136805980992,residential
Sample Residence_Point_471,14.24880889479274,121.06136805980992,residential
Sample Residence_Point_472,14.24970979569364,121.06136805980992,residential
Sample Residence_Point_473,14.25061069659454,121.06136805980992,residential
Sample Residence_Point_474,14.25151159749544,121.06136805980992,residential
Sample Residence_Point_475,14.25241249839634,121.06136805980992,residential
Sample Residence_Point_476,14.253313399297241,121.06136805980992,residential
Sample Residence_Point_477,14.254214300198141,121.06136805980992,residential
Sample Residence_Point_478,14.255115201099041,121.06136805980992,residential
Sample Residence_Point_479,14.256016101999942,121.06136805980992,residential
Sample Residence_Point_480,14.256917002900842,121.06136805980992,residential
Sample Residence_Point_481,14.257817903801742,121.06136805980992,residential
Sample Residence_Point_482,14.258718804702642,121.06136805980992,residential
Sample Residence_Point_483,14.259619705603543,121.06136805980992,residential
Sample Residence_Point_484,14.260520606504443,121.06136805980992,residential
Sample Residence_Point_485,14.261421507405343,121.06136805980992,residential
Sample Residence_Point_486,14.262322408306243,121.06136805980992,residential
Sample Residence_Point_487,14.263223309207143,121.06136805980992,residential
Sample Residence_Point_488,14.264124210108044,121.06136805980992,residential
Sample Residence_Point_489,14.265025111008944,121.06136805980992,residential
Sample Residence_Point_490,14.265926011909844,121.06136805980992,residential
Sample Residence_Point_491,14.266826912810744,121.06136805980992,residential
Sample Residence_Point_492,14.267727813711645,121.06136805980992,residential
Sample Residence_Point_493,14.268628714612545,121.06136805980992,residential
Sample Residence_Point_494,14.269529615513445,121.06136805980992,residential
Sample Residence_Point_495,14.270430516414345,121.06136805980992,residential
Sample Residence_Point_496,14.271331417315245,121.06136805980992,residential
Sample Residence_Point_497,14.272232318216146,121.06136805980992,residential
Sample Residence_Point_498,14.273133219117046,121.06136805980992,residential
Sample Residence_Point_499,14.274034120017946,121.06136805980992,residential
Sample Residence_Point_500,14.274935020918846,121.06136805980992,residential
Sample Residence_Point_501,14.275835921819747,121.06136805980992,residential
Sample Residence_Point_502,14.276736822720647,121.06136805980992,residential
Sample Residence_Point_503,14.277637723621547,121.06136805980992,residential
Sample Residence_Point_504,14.278538624522447,121.06136805980992,residential
Sample Residence_Point_505,14.279439525423347,121.06136805980992,residential
Sample Residence_Point_506,14.280340426324248,121.06136805980992,residential
Sample Residence_Point_507,14.281241327225148,121.06136805980992,residential
Sample Residence_Point_508,14.282142228126048,121.06136805980992,residential
Sample Residence_Point_509,14.283043129026948,121.06136805980992,residential
Sample Residence_Point_510,14.239799885783738,121.06226896071082,residential
Sample Residence_Point_511,14.240700786684638,121.06226896071082,residential
Sample Residence_Point_512,14.241601687585538,121.06226896071082,residential
Sample Residence_Point_513,14.242502588486438,121.06226896071082,residential
Sample Residence_Point_514,14.243403489387338,121.06226896071082,residential
Sample Residence_Point_515,14.244304390288239,121.06226896071082,residential
Sample Residence_Point_516,14.245205291189139,121.06226896071082,residential
Sample Residence_Point_517,14.24610619209004,121.06226896071082,residential
Sample Residence_Point_518,14.24700709299094,121.06226896071082,residential
Sample Residence_Point_519,14.24790799389184,121.06226896071082,residential
Sample Residence_Point_520,14.24880889479274,121.06226896071082,residential
Sample Residence_Point_521,14.24970979569364,121.06226896071082,residential
Sample Residence_Point_522,14.25061069659454,121.06226896071082,residential
Sample Residence_Point_523,14.25151159749544,121.06226896071082,residential
Sample Residence_Point_524,14.25241249839634,121.06226896071082,residential
Sample Residence_Point_525,14.253313399297241,121.06226896071082,residential
Sample Residence_Point_526,14.254214300198141,121.06226896071082,residential
Sample Residence_Point_527,14.255115201099041,121.06226896071082,residential
Sample Residence_Point_528,14.256016101999942,121.06226896071082,residential
Sample Residence_Point_529,14.256917002900842,121.06226896071082,residential
Sample Residence_Point_530,14.257817903801742,121.06226896071082,residential
Sample Residence_Point_531,14.258718804702642,121.06226896071082,residential
Sample Residence_Point_532,14.259619705603543,121.06226896071082,residential
Sample Residence_Point_533,14.260520606504443,121.06226896071082,residential
Sample Residence_Point_534,14.261421507405343,121.06226896071082,residential
Sample Residence_Point_535,14.262322408306243,121.06226896071082,residential
Sample Residence_Point_536,14.263223309207143,121.06226896071082,residential
Sample Residence_Point_537,14.264124210108044,121.06226896071082,residential
Sample Residence_Point_538,14.265025111008944,121.06226896071082,residential
Sample Residence_Point_539,14.265926011909844,121.06226896071082,residential
Sample Residence_Point_540,14.266826912810744,121.06226896071082,residential
Sample Residence_Point_541,14.267727813711645,121.06226896071082,residential
Sample Residence_Point_542,14.268628714612545,121.06226896071082,residential
Sample Residence_Point_543,14.269529615513445,121.06226896071082,residential
Sample Residence_Point_544,14.270430516414345,121.06226896071082,residential
Sample Residence_Point_545,14.271331417315245,121.06226896071082,residential
Sample Residence_Point_546,14.272232318216146,121.06226896071082,residential
Sample Residence_Point_547,14.273133219117046,121.06226896071082,residential
Sample Residence_Point_548,14.274034120017946,121.06226896071082,residential
Sample Residence_Point_549,14.274935020918846,121.06226896071082,residential
Sample Residence_Point_550,14.275835921819747,121.06226896071082,residential
Sample Residence_Point_551,14.276736822720647,121.06226896071082,residential
Sample Residence_Point_552,14.277637723621547,121.06226896071082,residential
Sample Residence_Point_553,14.278538624522447,121.06226896071082,residential
Sample Residence_Point_554,14.279439525423347,121.06226896071082,residential
Sample Residence_Point_555,14.280340426324248,121.06226896071082,residential
Sample Residence_Point_556,14.281241327225148,121.06226896071082,residential
Sample Residence_Point_557,14.282142228126048,121.06226896071082,residential
Sample Residence_Point_558,14.283043129026948,121.06226896071082,residential
Sample Residence_Point_559,14.241601687585538,121.06316986161173,residential
Sample Residence_Point_560,14.242502588486438,121.06316986161173,residential
Sample Residence_Point_561,14.243403489387338,121.06316986161173,residential
Sample Residence_Point_562,14.244304390288239,121.06316986161173,residential
Sample Residence_Point_563,14.245205291189139,121.06316986161173,residential
Sample Residence_Point_564,14.24610619209004,121.06316986161173,residential
Sample Residence_Point_565,14.24700709299094,121.06316986161173,residential
Sample Residence_Point_566,14.24790799389184,121.06316986161173,residential
Sample Residence_Point_567,14.24880889479274,121.06316986161173,residential
Sample Residence_Point_568,14.24970979569364,121.06316986161173,residential
Sample Residence_Point_569,14.25061069659454,121.06316986161173,residential
Sample Residence_Point_570,14.25151159749544,121.06316986161173,residential
Sample Residence_Point_571,14.25241249839634,121.06316986161173,residential
Sample Residence_Point_572,14.253313399297241,121.06316986161173,residential
Sample Residence_Point_573,14.254214300198141,121.06316986161173,residential
Sample Residence_Point_574,14.255115201099041,121.06316986161173,residential
Sample Residence_Point_575,14.256016101999942,121.06316986161173,residential
Sample Residence_Point_576,14.256917002900842,121.06316986161173,residential
Sample Residence_Point_577,14.257817903801742,121.06316986161173,residential
Sample Residence_Point_578,14.258718804702642,121.06316986161173,residential
Sample Residence_Point_579,14.259619705603543,121.06316986161173,residential
Sample Residence_Point_580,14.260520606504443,121.06316986161173,residential
Sample Residence_Point_581,14.261421507405343,121.06316986161173,residential
Sample Residence_Point_582,14.262322408306243,121.06316986161173,residential
Sample Residence_Point_583,14.263223309207143,121.06316986161173,residential
Sample Residence_Point_584,14.264124210108044,121.06316986161173,residential
Sample Residence_Point_585,14.265025111008944,121.06316986161173,residential
Sample Residence_Point_586,14.265926011909844,121.06316986161173,residential
Sample Residence_Point_587,14.266826912810744,121.06316986161173,residential
Sample Residence_Point_588,14.267727813711645,121.06316986161173,residential
Sample Residence_Point_589,14.268628714612545,121.06316986161173,residential
Sample Residence_Point_590,14.269529615513445,121.06316986161173,residential
Sample Residence_Point_591,14.270430516414345,121.06316986161173,residential
Sample Residence_Point_592,14.271331417315245,121.06316986161173,residential
Sample Residence_Point_593,14.272232318216146,121.06316986161173,residential
Sample Residence_Point_594,14.273133219117046,121.06316986161173,residential
Sample Residence_Point_595,14.274034120017946,121.06316986161173,residential
Sample Residence_Point_596,14.274935020918846,121.06316986161173,residential
Sample Residence_Point_597,14.275835921819747,121.06316986161173,residential
Sample Residence_Point_598,14.276736822720647,121.06316986161173,residential
Sample Residence_Point_599,14.277637723621547,121.06316986161173,residential
Sample Residence_Point_600,14.278538624522447,121.06316986161173,residential
Sample Residence_Point_601,14.279439525423347,121.06316986161173,residential
Sample Residence_Point_602,14.280340426324248,121.06316986161173,residential
Sample Residence_Point_603,14.281241327225148,121.06316986161173,residential
Sample Residence_Point_604,14.282142228126048,121.06316986161173,residential
Sample Residence_Point_605,14.283043129026948,121.06316986161173,residential
Sample Residence_Point_606,14.283944029927849,121.06316986161173,residential
Sample Residence_Point_607,14.242502588486438,121.06407076251263,residential
Sample Residence_Point_608,14.243403489387338,121.06407076251263,residential
Sample Residence_Point_609,14.244304390288239,121.06407076251263,residential
Sample Residence_Point_610,14.245205291189139,121.06407076251263,residential
Sample Residence_Point_611,14.24610619209004,121.06407076251263,residential
Sample Residence_Point_612,14.24700709299094,121.06407076251263,residential
Sample Residence_Point_613,14.24790799389184,121.06407076251263,residential
Sample Residence_Point_614,14.24880889479274,121.06407076251263,residential
Sample Residence_Point_615,14.24970979569364,121.06407076251263,residential
Sample Residence_Point_616,14.25061069659454,121.06407076251263,residential
Sample Residence_Point_617,14.25151159749544,121.06407076251263,residential
Sample Residence_Point_618,14.25241249839634,121.06407076251263,residential
Sample Residence_Point_619,14.253313399297241,121.06407076251263,residential
Sample Residence_Point_620,14.254214300198141,121.06407076251263,residential
Sample Residence_Point_621,14.255115201099041,121.06407076251263,residential
Sample Residence_Point_622,14.256016101999942,121.06407076251263,residential
Sample Residence_Point_623,14.256917002900842,121.06407076251263,residential
Sample Residence_Point_624,14.257817903801742,121.06407076251263,residential
Sample Residence_Point_625,14.258718804702642,121.06407076251263,residential
Sample Residence_Point_626,14.259619705603543,121.06407076251263,residential
Sample Residence_Point_627,14.260520606504443,121.06407076251263,residential
Sample Residence_Point_628,14.261421507405343,121.06407076251263,residential
Sample Residence_Point_629,14.262322408306243,121.06407076251263,residential
Sample Residence_Point_630,14.263223309207143,121.06407076251263,residential
Sample Residence_Point_631,14.264124210108044,121.06407076251263,residential
Sample Residence_Point_632,14.265025111008944,121.06407076251263,residential
Sample Residence_Point_633,14.265926011909844,121.06407076251263,residential
Sample Residence_Point_634,14.266826912810744,121.06407076251263,residential
Sample Residence_Point_635,14.267727813711645,121.06407076251263,residential
Sample Residence_Point_636,14.268628714612545,121.06407076251263,residential
Sample Residence_Point_637,14.269529615513445,121.06407076251263,residential
Sample Residence_Point_638,14.270430516414345,121.06407076251263,residential
Sample Residence_Point_639,14.271331417315245,121.06407076251263,residential
Sample Residence_Point_640,14.272232318216146,121.06407076251263,residential
Sample Residence_Point_641,14.273133219117046,121.06407076251263,residential
Sample Residence_Point_642,14.274034120017946,121.06407076251263,residential
Sample Residence_Point_643,14.274935020918846,121.06407076251263,residential
Sample Residence_Point_644,14.275835921819747,121.06407076251263,residential
Sample Residence_Point_645,14.276736822720647,121.06407076251263,residential
Sample Residence_Point_646,14.277637723621547,121.06407076251263,residential
Sample Residence_Point_647,14.278538624522447,121.06407076251263,residential
Sample Residence_Point_648,14.279439525423347,121.06407076251263,residential
Sample Residence_Point_649,14.280340426324248,121.06407076251263,residential
Sample Residence_Point_650,14.281241327225148,121.06407076251263,residential
Sample Residence_Point_651,14.282142228126048,121.06407076251263,residential
Sample Residence_Point_652,14.283043129026948,121.06407076251263,residential
Sample Residence_Point_653,14.283944029927849,121.06407076251263,residential
Sample Residence_Point_654,14.284844930828749,121.06407076251263,residential
Sample Residence_Point_655,14.243403489387338,121.06497166341353,residential
Sample Residence_Point_656,14.244304390288239,121.06497166341353,residential
Sample Residence_Point_657,14.245205291189139,121.06497166341353,residential
Sample Residence_Point_658,14.24610619209004,121.06497166341353,residential
Sample Residence_Point_659,14.24700709299094,121.06497166341353,residential
Sample Residence_Point_660,14.24790799389184,121.06497166341353,residential
Sample Residence_Point_661,14.24880889479274,121.06497166341353,residential
Sample Residence_Point_662,14.24970979569364,121.06497166341353,residential
Sample Residence_Point_663,14.25061069659454,121.06497166341353,residential
Sample Residence_Point_664,14.25151159749544,121.06497166341353,residential
Sample Residence_Point_665,14.25241249839634,121.06497166341353,residential
Sample Residence_Point_666,14.253313399297241,121.06497166341353,residential
Sample Residence_Point_667,14.254214300198141,121.06497166341353,residential
Sample Residence_Point_668,14.255115201099041,121.06497166341353,residential
Sample Residence_Point_669,14.256016101999942,121.06497166341353,residential
Sample Residence_Point_670,14.256917002900842,121.06497166341353,residential
Sample Residence_Point_671,14.257817903801742,121.06497166341353,residential
Sample Residence_Point_672,14.258718804702642,121.06497166341353,residential
Sample Residence_Point_673,14.259619705603543,121.06497166341353,residential
Sample Residence_Point_674,14.260520606504443,121.06497166341353,residential
Sample Residence_Point_675,14.261421507405343,121.06497166341353,residential
Sample Residence_Point_676,14.262322408306243,121.06497166341353,residential
Sample Residence_Point_677,14.263223309207143,121.06497166341353,residential
Sample Residence_Point_678,14.264124210108044,121.06497166341353,residential
Sample Residence_Point_679,14.265025111008944,121.06497166341353,residential
Sample Residence_Point_680,14.265926011909844,121.06497166341353,residential
Sample Residence_Point_681,14.266826912810744,121.06497166341353,residential
Sample Residence_Point_682,14.267727813711645,121.06497166341353,residential
Sample Residence_Point_683,14.268628714612545,121.06497166341353,residential
Sample Residence_Point_684,14.269529615513445,121.06497166341353,residential
Sample Residence_Point_685,14.270430516414345,121.06497166341353,residential
Sample Residence_Point_686,14.271331417315245,121.06497166341353,residential
Sample Residence_Point_687,14.272232318216146,121.06497166341353,residential
Sample Residence_Point_688,14.273133219117046,121.06497166341353,residential
Sample Residence_Point_689,14.274034120017946,121.06497166341353,residential
Sample Residence_Point_690,14.274935020918846,121.06497166341353,residential
Sample Residence_Point_691,14.275835921819747,121.06497166341353,residential
Sample Residence_Point_692,14.276736822720647,121.06497166341353,residential
Sample Residence_Point_693,14.277637723621547,121.06497166341353,residential
Sample Residence_Point_694,14.278538624522447,121.06497166341353,residential
Sample Residence_Point_695,14.279439525423347,121.06497166341353,residential
Sample Residence_Point_696,14.280340426324248,121.06497166341353,residential
Sample Residence_Point_697,14.281241327225148,121.06497166341353,residential
Sample Residence_Point_698,14.282142228126048,121.06497166341353,residential
Sample Residence_Point_699,14.283043129026948,121.06497166341353,residential
Sample Residence_Point_700,14.283944029927849,121.06497166341353,residential
Sample Residence_Point_701,14.284844930828749,121.06497166341353,residential
Sample Residence_Point_702,14.285745831729649,121.06497166341353,residential
Sample Residence_Point_703,14.244304390288239,121.06587256431443,residential
Sample Residence_Point_704,14.245205291189139,121.06587256431443,residential
Sample Residence_Point_705,14.24610619209004,121.06587256431443,residential
Sample Residence_Point_706,14.24700709299094,121.06587256431443,residential
Sample Residence_Point_707,14.24790799389184,121.06587256431443,residential
Sample Residence_Point_708,14.24880889479274,121.06587256431443,residential
Sample Residence_Point_709,14.24970979569364,121.06587256431443,residential
Sample Residence_Point_710,14.25061069659454,121.06587256431443,residential
Sample Residence_Point_711,14.25151159749544,121.06587256431443,residential
Sample Residence_Point_712,14.25241249839634,121.06587256431443,residential
Sample Residence_Point_713,14.253313399297241,121.06587256431443,residential
Sample Residence_Point_714,14.254214300198141,121.06587256431443,residential
Sample Residence_Point_715,14.255115201099041,121.06587256431443,residential
Sample Residence_Point_716,14.256016101999942,121.06587256431443,residential
Sample Residence_Point_717,14.256917002900842,121.06587256431443,residential
Sample Residence_Point_718,14.257817903801742,121.06587256431443,residential
Sample Residence_Point_719,14.258718804702642,121.06587256431443,residential
Sample Residence_Point_720,14.259619705603543,121.06587256431443,residential
Sample Residence_Point_721,14.260520606504443,121.06587256431443,residential
Sample Residence_Point_722,14.261421507405343,121.06587256431443,residential
Sample Residence_Point_723,14.262322408306243,121.06587256431443,residential
Sample Residence_Point_724,14.263223309207143,121.06587256431443,residential
Sample Residence_Point_725,14.264124210108044,121.06587256431443,residential
Sample Residence_Point_726,14.265025111008944,121.06587256431443,residential
Sample Residence_Point_727,14.265926011909844,121.06587256431443,residential
Sample Residence_Point_728,14.266826912810744,121.06587256431443,residential
Sample Residence_Point_729,14.267727813711645,121.06587256431443,residential
Sample Residence_Point_730,14.268628714612545,121.06587256431443,residential
Sample Residence_Point_731,14.269529615513445,121.06587256431443,residential
Sample Residence_Point_732,14.270430516414345,121.06587256431443,residential
Sample Residence_Point_733,14.271331417315245,121.06587256431443,residential
Sample Residence_Point_734,14.272232318216146,121.06587256431443,residential
Sample Residence_Point_735,14.273133219117046,121.06587256431443,residential
Sample Residence_Point_736,14.274034120017946,121.06587256431443,residential
Sample Residence_Point_737,14.274935020918846,121.06587256431443,residential
Sample Residence_Point_738,14.275835921819747,121.06587256431443,residential
Sample Residence_Point_739,14.276736822720647,121.06587256431443,residential
Sample Residence_Point_740,14.277637723621547,121.06587256431443,residential
Sample Residence_Point_741,14.278538624522447,121.06587256431443,residential
Sample Residence_Point_742,14.279439525423347,121.06587256431443,residential
Sample Residence_Point_743,14.280340426324248,121.06587256431443,residential
Sample Residence_Point_744,14.281241327225148,121.06587256431443,residential
Sample Residence_Point_745,14.282142228126048,121.06587256431443,residential
Sample Residence_Point_746,14.283043129026948,121.06587256431443,residential
Sample Residence_Point_747,14.283944029927849,121.06587256431443,residential
Sample Residence_Point_748,14.284844930828749,121.06587256431443,residential
Sample Residence_Point_749,14.285745831729649,121.06587256431443,residential
Sample Residence_Point_750,14.245205291189139,121.06677346521533,residential
Sample Residence_Point_751,14.24610619209004,121.06677346521533,residential
Sample Residence_Point_752,14.24700709299094,121.06677346521533,residential
Sample Residence_Point_753,14.24790799389184,121.06677346521533,residential
Sample Residence_Point_754,14.24880889479274,121.06677346521533,residential
Sample Residence_Point_755,14.24970979569364,121.06677346521533,residential
Sample Residence_Point_756,14.25061069659454,121.06677346521533,residential
Sample Residence_Point_757,14.25151159749544,121.06677346521533,residential
Sample Residence_Point_758,14.25241249839634,121.06677346521533,residential
Sample Residence_Point_759,14.253313399297241,121.06677346521533,residential
Sample Residence_Point_760,14.254214300198141,121.06677346521533,residential
Sample Residence_Point_761,14.255115201099041,121.06677346521533,residential
Sample Residence_Point_762,14.256016101999942,121.06677346521533,residential
Sample Residence_Point_763,14.256917002900842,121.06677346521533,residential
Sample Residence_Point_764,14.257817903801742,121.06677346521533,residential
Sample Residence_Point_765,14.258718804702642,121.06677346521533,residential
Sample Residence_Point_766,14.259619705603543,121.06677346521533,residential
Sample Residence_Point_767,14.260520606504443,121.06677346521533,residential
Sample Residence_Point_768,14.261421507405343,121.06677346521533,residential
Sample Residence_Point_769,14.262322408306243,121.06677346521533,residential
Sample Residence_Point_770,14.263223309207143,121.06677346521533,residential
Sample Residence_Point_771,14.264124210108044,121.06677346521533,residential
Sample Residence_Point_772,14.265025111008944,121.06677346521533,residential
Sample Residence_Point_773,14.265926011909844,121.06677346521533,residential
Sample Residence_Point_774,14.266826912810744,121.06677346521533,residential
Sample Residence_Point_775,14.267727813711645,121.06677346521533,residential
Sample Residence_Point_776,14.268628714612545,121.06677346521533,residential
Sample Residence_Point_777,14.269529615513445,121.06677346521533,residential
Sample Residence_Point_778,14.270430516414345,121.06677346521533,residential
Sample Residence_Point_779,14.271331417315245,121.06677346521533,residential
Sample Residence_Point_780,14.272232318216146,121.06677346521533,residential
Sample Residence_Point_781,14.273133219117046,121.06677346521533,residential
Sample Residence_Point_782,14.274034120017946,121.06677346521533,residential
Sample Residence_Point_783,14.274935020918846,121.06677346521533,residential
Sample Residence_Point_784,14.275835921819747,121.06677346521533,residential
Sample Residence_Point_785,14.276736822720647,121.06677346521533,residential
Sample Residence_Point_786,14.277637723621547,121.06677346521533,residential
Sample Residence_Point_787,14.278538624522447,121.06677346521533,residential
Sample Residence_Point_788,14.279439525423347,121.06677346521533,residential
Sample Residence_Point_789,14.280340426324248,121.06677346521533,residential
Sample Residence_Point_790,14.281241327225148,121.06677346521533,residential
Sample Residence_Point_791,14.282142228126048,121.06677346521533,residential
Sample Residence_Point_792,14.283043129026948,121.06677346521533,residential
Sample Residence_Point_793,14.283944029927849,121.06677346521533,residential
Sample Residence_Point_794,14.284844930828749,121.06677346521533,residential
Sample Residence_Point_795,14.285745831729649,121.06677346521533,residential
Sample Residence_Point_796,14.28664673263055,121.06677346521533,residential
Sample Residence_Point_797,14.24610619209004,121.06767436611624,residential
Sample Residence_Point_798,14.24700709299094,121.06767436611624,residential
Sample Residence_Point_799,14.24790799389184,121.06767436611624,residential
Sample Residence_Point_800,14.24880889479274,121.06767436611624,residential
Sample Residence_Point_801,14.24970979569364,121.06767436611624,residential
Sample Residence_Point_802,14.25061069659454,121.06767436611624,residential
Sample Residence_Point_803,14.25151159749544,121.06767436611624,residential
Sample Residence_Point_804,14.25241249839634,121.06767436611624,residential
Sample Residence_Point_805,14.253313399297241,121.06767436611624,residential
Sample Residence_Point_806,14.254214300198141,121.06767436611624,residential
Sample Residence_Point_807,14.255115201099041,121.06767436611624,residential
Sample Residence_Point_808,14.256016101999942,121.06767436611624,residential
Sample Residence_Point_809,14.256917002900842,121.06767436611624,residential
Sample Residence_Point_810,14.257817903801742,121.06767436611624,residential
Sample Residence_Point_811,14.258718804702642,121.06767436611624,residential
Sample Residence_Point_812,14.259619705603543,121.06767436611624,residential
Sample Residence_Point_813,14.260520606504443,121.06767436611624,residential
Sample Residence_Point_814,14.261421507405343,121.06767436611624,residential
Sample Residence_Point_815,14.262322408306243,121.06767436611624,residential
Sample Residence_Point_816,14.263223309207143,121.06767436611624,residential
Sample Residence_Point_817,14.264124210108044,121.06767436611624,residential
Sample Residence_Point_818,14.265025111008944,121.06767436611624,residential
Sample Residence_Point_819,14.265926011909844,121.06767436611624,residential
Sample Residence_Point_820,14.266826912810744,121.06767436611624,residential
Sample Residence_Point_821,14.267727813711645,121.06767436611624,residential
Sample Residence_Point_822,14.268628714612545,121.06767436611624,residential
Sample Residence_Point_823,14.269529615513445,121.06767436611624,residential
Sample Residence_Point_824,14.270430516414345,121.06767436611624,residential
Sample Residence_Point_825,14.271331417315245,121.06767436611624,residential
Sample Residence_Point_826,14.272232318216146,121.06767436611624,residential
Sample Residence_Point_827,14.273133219117046,121.06767436611624,residential
Sample Residence_Point_828,14.274034120017946,121.06767436611624,residential
Sample Residence_Point_829,14.274935020918846,121.06767436611624,residential
Sample Residence_Point_830,14.275835921819747,121.06767436611624,residential
Sample Residence_Point_831,14.276736822720647,121.06767436611624,residential
Sample Residence_Point_832,14.277637723621547,121.06767436611624,residential
Sample Residence_Point_833,14.278538624522447,121.06767436611624,residential
Sample Residence_Point_834,14.279439525423347,121.06767436611624,residential
Sample Residence_Point_835,14.280340426324248,121.06767436611624,residential
Sample Residence_Point_836,14.281241327225148,121.06767436611624,residential
Sample Residence_Point_837,14.282142228126048,121.06767436611624,residential
Sample Residence_Point_838,14.283043129026948,121.06767436611624,residential
Sample Residence_Point_839,14.283944029927849,121.06767436611624,residential
Sample Residence_Point_840,14.284844930828749,121.06767436611624,residential
Sample Residence_Point_841,14.285745831729649,121.06767436611624,residential
Sample Residence_Point_842,14.28664673263055,121.06767436611624,residential
Sample Residence_Point_843,14.28754763353145,121.06767436611624,residential
Sample Residence_Point_844,14.24700709299094,121.06857526701714,residential
Sample Residence_Point_845,14.24790799389184,121.06857526701714,residential
Sample Residence_Point_846,14.24880889479274,121.06857526701714,residential
Sample Residence_Point_847,14.24970979569364,121.06857526701714,residential
Sample Residence_Point_848,14.25061069659454,121.06857526701714,residential
Sample Residence_Point_849,14.25151159749544,121.06857526701714,residential
Sample Residence_Point_850,14.25241249839634,121.06857526701714,residential
Sample Residence_Point_851,14.253313399297241,121.06857526701714,residential
Sample Residence_Point_852,14.254214300198141,121.06857526701714,residential
Sample Residence_Point_853,14.255115201099041,121.06857526701714,residential
Sample Residence_Point_854,14.256016101999942,121.06857526701714,residential
Sample Residence_Point_855,14.256917002900842,121.06857526701714,residential
Sample Residence_Point_856,14.257817903801742,121.06857526701714,residential
Sample Residence_Point_857,14.258718804702642,121.06857526701714,residential
Sample Residence_Point_858,14.259619705603543,121.06857526701714,residential
Sample Residence_Point_859,14.260520606504443,121.06857526701714,residential
Sample Residence_Point_860,14.261421507405343,121.06857526701714,residential
Sample Residence_Point_861,14.262322408306243,121.06857526701714,residential
Sample Residence_Point_862,14.263223309207143,121.06857526701714,residential
Sample Residence_Point_863,14.264124210108044,121.06857526701714,residential
Sample Residence_Point_864,14.265025111008944,121.06857526701714,residential
Sample Residence_Point_865,14.265926011909844,121.06857526701714,residential
Sample Residence_Point_866,14.266826912810744,121.06857526701714,residential
Sample Residence_Point_867,14.267727813711645,121.06857526701714,residential
Sample Residence_Point_868,14.268628714612545,121.06857526701714,residential
Sample Residence_Point_869,14.269529615513445,121.06857526701714,residential
Sample Residence_Point_870,14.270430516414345,121.06857526701714,residential
Sample Residence_Point_871,14.271331417315245,121.06857526701714,residential
Sample Residence_Point_872,14.272232318216146,121.06857526701714,residential
Sample Residence_Point_873,14.273133219117046,121.06857526701714,residential
Sample Residence_Point_874,14.274034120017946,121.06857526701714,residential
Sample Residence_Point_875,14.274935020918846,121.06857526701714,residential
Sample Residence_Point_876,14.275835921819747,121.06857526701714,residential
Sample Residence_Point_877,14.276736822720647,121.06857526701714,residential
Sample Residence_Point_878,14.277637723621547,121.06857526701714,residential
Sample Residence_Point_879,14.278538624522447,121.06857526701714,residential
Sample Residence_Point_880,14.279439525423347,121.06857526701714,residential
Sample Residence_Point_881,14.280340426324248,121.06857526701714,residential
Sample Residence_Point_882,14.281241327225148,121.06857526701714,residential
Sample Residence_Point_883,14.282142228126048,121.06857526701714,residential
Sample Residence_Point_884,14.283043129026948,121.06857526701714,residential
Sample Residence_Point_885,14.283944029927849,121.06857526701714,residential
Sample Residence_Point_886,14.284844930828749,121.06857526701714,residential
Sample Residence_Point_887,14.285745831729649,121.06857526701714,residential
Sample Residence_Point_888,14.28664673263055,121.06857526701714,residential
Sample Residence_Point_889,14.28754763353145,121.06857526701714,residential
Sample Residence_Point_890,14.28844853443235,121.06857526701714,residential
Sample Residence_Point_891,14.24790799389184,121.06947616791804,residential
Sample Residence_Point_892,14.24880889479274,121.06947616791804,residential
Sample Residence_Point_893,14.24970979569364,121.06947616791804,residential
Sample Residence_Point_894,14.25061069659454,121.06947616791804,residential
Sample Residence_Point_895,14.25151159749544,121.06947616791804,residential
Sample Residence_Point_896,14.25241249839634,121.06947616791804,residential
Sample Residence_Point_897,14.253313399297241,121.06947616791804,residential
Sample Residence_Point_898,14.254214300198141,121.06947616791804,residential
Sample Residence_Point_899,14.255115201099041,121.06947616791804,residential
Sample Residence_Point_900,14.256016101999942,121.06947616791804,residential
Sample Residence_Point_901,14.256917002900842,121.06947616791804,residential
Sample Residence_Point_902,14.257817903801742,121.06947616791804,residential
Sample Residence_Point_903,14.258718804702642,121.06947616791804,residential
Sample Residence_Point_904,14.259619705603543,121.06947616791804,residential
Sample Residence_Point_905,14.260520606504443,121.06947616791804,residential
Sample Residence_Point_906,14.261421507405343,121.06947616791804,residential
Sample Residence_Point_907,14.262322408306243,121.06947616791804,residential
Sample Residence_Point_908,14.263223309207143,121.06947616791804,residential
Sample Residence_Point_909,14.264124210108044,121.06947616791804,residential
Sample Residence_Point_910,14.265025111008944,121.06947616791804,residential
Sample Residence_Point_911,14.265926011909844,121.06947616791804,residential
Sample Residence_Point_912,14.266826912810744,121.06947616791804,residential
Sample Residence_Point_913,14.267727813711645,121.06947616791804,residential
Sample Residence_Point_914,14.268628714612545,121.06947616791804,residential
Sample Residence_Point_915,14.269529615513445,121.06947616791804,residential
Sample Residence_Point_916,14.270430516414345,121.06947616791804,residential
Sample Residence_Point_917,14.271331417315245,121.06947616791804,residential
Sample Residence_Point_918,14.272232318216146,121.06947616791804,residential
Sample Residence_Point_919,14.273133219117046,121.06947616791804,residential
Sample Residence_Point_920,14.274034120017946,121.06947616791804,residential
Sample Residence_Point_921,14.274935020918846,121.06947616791804,residential
Sample Residence_Point_922,14.275835921819747,121.06947616791804,residential
Sample Residence_Point_923,14.276736822720647,121.06947616791804,residential
Sample Residence_Point_924,14.277637723621547,121.06947616791804,residential
Sample Residence_Point_925,14.278538624522447,121.06947616791804,residential
Sample Residence_Point_926,14.279439525423347,121.06947616791804,residential
Sample Residence_Point_927,14.280340426324248,121.06947616791804,residential
Sample Residence_Point_928,14.281241327225148,121.06947616791804,residential
Sample Residence_Point_929,14.282142228126048,121.06947616791804,residential
Sample Residence_Point_930,14.283043129026948,121.06947616791804,residential
Sample Residence_Point_931,14.283944029927849,121.06947616791804,residential
Sample Residence_Point_932,14.284844930828749,121.06947616791804,residential
Sample Residence_Point_933,14.285745831729649,121.06947616791804,residential
Sample Residence_Point_934,14.28664673263055,121.06947616791804,residential
Sample Residence_Point_935,14.28754763353145,121.06947616791804,residential
Sample Residence_Point_936,14.28844853443235,121.06947616791804,residential
Sample Residence_Point_937,14.28934943533325,121.06947616791804,residential
Sample Residence_Point_938,14.24880889479274,121.07037706881894,residential
Sample Residence_Point_939,14.24970979569364,121.07037706881894,residential
Sample Residence_Point_940,14.25061069659454,121.07037706881894,residential
Sample Residence_Point_941,14.25151159749544,121.07037706881894,residential
Sample Residence_Point_942,14.25241249839634,121.07037706881894,residential
Sample Residence_Point_943,14.253313399297241,121.07037706881894,residential
Sample Residence_Point_944,14.254214300198141,121.07037706881894,residential
Sample Residence_Point_945,14.255115201099041,121.07037706881894,residential
Sample Residence_Point_946,14.256016101999942,121.07037706881894,residential
Sample Residence_Point_947,14.256917002900842,121.07037706881894,residential
Sample Residence_Point_948,14.257817903801742,121.07037706881894,residential
Sample Residence_Point_949,14.258718804702642,121.07037706881894,residential
Sample Residence_Point_950,14.259619705603543,121.07037706881894,residential
Sample Residence_Point_951,14.260520606504443,121.07037706881894,residential
Sample Residence_Point_952,14.261421507405343,121.07037706881894,residential
Sample Residence_Point_953,14.262322408306243,121.07037706881894,residential
Sample Residence_Point_954,14.263223309207143,121.07037706881894,residential
Sample Residence_Point_955,14.264124210108044,121.07037706881894,residential
Sample Residence_Point_956,14.265025111008944,121.07037706881894,residential
Sample Residence_Point_957,14.265926011909844,121.07037706881894,residential
Sample Residence_Point_958,14.266826912810744,121.07037706881894,residential
Sample Residence_Point_959,14.267727813711645,121.07037706881894,residential
Sample Residence_Point_960,14.268628714612545,121.07037706881894,residential
Sample Residence_Point_961,14.269529615513445,121.07037706881894,residential
Sample Residence_Point_962,14.270430516414345,121.07037706881894,residential
Sample Residence_Point_963,14.271331417315245,121.07037706881894,residential
Sample Residence_Point_964,14.272232318216146,121.07037706881894,residential
Sample Residence_Point_965,14.273133219117046,121.07037706881894,residential
Sample Residence_Point_966,14.274034120017946,121.07037706881894,residential
Sample Residence_Point_967,14.274935020918846,121.07037706881894,residential
Sample Residence_Point_968,14.275835921819747,121.07037706881894,residential
Sample Residence_Point_969,14.276736822720647,121.07037706881894,residential
Sample Residence_Point_970,14.277637723621547,121.07037706881894,residential
Sample Residence_Point_971,14.278538624522447,121.07037706881894,residential
Sample Residence_Point_972,14.279439525423347,121.07037706881894,residential
Sample Residence_Point_973,14.280340426324248,121.07037706881894,residential
Sample Residence_Point_974,14.281241327225148,121.07037706881894,residential
Sample Residence_Point_975,14.282142228126048,121.07037706881894,residential
Sample Residence_Point_976,14.283043129026948,121.07037706881894,residential
Sample Residence_Point_977,14.283944029927849,121.07037706881894,residential
Sample Residence_Point_978,14.284844930828749,121.07037706881894,residential
Sample Residence_Point_979,14.285745831729649,121.07037706881894,residential
Sample Residence_Point_980,14.28664673263055,121.07037706881894,residential
Sample Residence_Point_981,14.28754763353145,121.07037706881894,residential
Sample Residence_Point_982,14.28844853443235,121.07037706881894,residential
Sample Residence_Point_983,14.28934943533325,121.07037706881894,residential
Sample Residence_Point_984,14.24970979569364,121.07127796971984,residential
Sample Residence_Point_985,14.25061069659454,121.07127796971984,residential
Sample Residence_Point_986,14.25151159749544,121.07127796971984,residential
Sample Residence_Point_987,14.25241249839634,121.07127796971984,residential
Sample Residence_Point_988,14.253313399297241,121.07127796971984,residential
Sample Residence_Point_989,14.254214300198141,121.07127796971984,residential
Sample Residence_Point_990,14.255115201099041,121.07127796971984,residential
Sample Residence_Point_991,14.256016101999942,121.07127796971984,residential
Sample Residence_Point_992,14.256917002900842,121.07127796971984,residential
Sample Residence_Point_993,14.257817903801742,121.07127796971984,residential
Sample Residence_Point_994,14.258718804702642,121.07127796971984,residential
Sample Residence_Point_995,14.259619705603543,121.07127796971984,residential
Sample Residence_Point_996,14.260520606504443,121.07127796971984,residential
Sample Residence_Point_997,14.261421507405343,121.07127796971984,residential
Sample Residence_Point_998,14.262322408306243,121.07127796971984,residential
Sample Residence_Point_999,14.263223309207143,121.07127796971984,residential
Sample Residence_Point_1000,14.264124210108044,121.07127796971984,residential
Sample Residence_Point_1001,14.265025111008944,121.07127796971984,residential
Sample Residence_Point_1002,14.265926011909844,121.07127796971984,residential
Sample Residence_Point_1003,14.266826912810744,121.07127796971984,residential
Sample Residence_Point_1004,14.267727813711645,121.07127796971984,residential
Sample Residence_Point_1005,14.268628714612545,121.07127796971984,residential
Sample Residence_Point_1006,14.269529615513445,121.07127796971984,residential
Sample Residence_Point_1007,14.270430516414345,121.07127796971984,residential
Sample Residence_Point_1008,14.271331417315245,121.07127796971984,residential
Sample Residence_Point_1009,14.272232318216146,121.07127796971984,residential
Sample Residence_Point_1010,14.273133219117046,121.07127796971984,residential
Sample Residence_Point_1011,14.274034120017946,121.07127796971984,residential
Sample Residence_Point_1012,14.274935020918846,121.07127796971984,residential
Sample Residence_Point_1013,14.275835921819747,121.07127796971984,residential
Sample Residence_Point_1014,14.276736822720647,121.07127796971984,residential
Sample Residence_Point_1015,14.277637723621547,121.07127796971984,residential
Sample Residence_Point_1016,14.278538624522447,121.07127796971984,residential
Sample Residence_Point_1017,14.279439525423347,121.07127796971984,residential
Sample Residence_Point_1018,14.280340426324248,121.07127796971984,residential
Sample Residence_Point_1019,14.281241327225148,121.07127796971984,residential
Sample Residence_Point_1020,14.282142228126048,121.07127796971984,residential
Sample Residence_Point_1021,14.283043129026948,121.07127796971984,residential
Sample Residence_Point_1022,14.283944029927849,121.07127796971984,residential
Sample Residence_Point_1023,14.284844930828749,121.07127796971984,residential
Sample Residence_Point_1024,14.285745831729649,121.07127796971984,residential
Sample Residence_Point_1025,14.28664673263055,121.07127796971984,residential
Sample Residence_Point_1026,14.28754763353145,121.07127796971984,residential
Sample Residence_Point_1027,14.28844853443235,121.07127796971984,residential
Sample Residence_Point_1028,14.28934943533325,121.07127796971984,residential
Sample Residence_Point_1029,14.29025033623415,121.07127796971984,residential
Sample Residence_Point_1030,14.25151159749544,121.07217887062075,residential
Sample Residence_Point_1031,14.25241249839634,121.07217887062075,residential
Sample Residence_Point_1032,14.253313399297241,121.07217887062075,residential
Sample Residence_Point_1033,14.254214300198141,121.07217887062075,residential
Sample Residence_Point_1034,14.255115201099041,121.07217887062075,residential
Sample Residence_Point_1035,14.256016101999942,121.07217887062075,residential
Sample Residence_Point_1036,14.256917002900842,121.07217887062075,residential
Sample Residence_Point_1037,14.257817903801742,121.07217887062075,residential
Sample Residence_Point_1038,14.258718804702642,121.07217887062075,residential
Sample Residence_Point_1039,14.259619705603543,121.07217887062075,residential
Sample Residence_Point_1040,14.260520606504443,121.07217887062075,residential
Sample Residence_Point_1041,14.261421507405343,121.07217887062075,residential
Sample Residence_Point_1042,14.262322408306243,121.07217887062075,residential
Sample Residence_Point_1043,14.263223309207143,121.07217887062075,residential
Sample Residence_Point_1044,14.264124210108044,121.07217887062075,residential
Sample Residence_Point_1045,14.265025111008944,121.07217887062075,residential
Sample Residence_Point_1046,14.265926011909844,121.07217887062075,residential
Sample Residence_Point_1047,14.266826912810744,121.07217887062075,residential
Sample Residence_Point_1048,14.267727813711645,121.07217887062075,residential
Sample Residence_Point_1049,14.268628714612545,121.07217887062075,residential
Sample Residence_Point_1050,14.269529615513445,121.07217887062075,residential
Sample Residence_Point_1051,14.270430516414345,121.07217887062075,residential
Sample Residence_Point_1052,14.271331417315245,121.07217887062075,residential
Sample Residence_Point_1053,14.272232318216146,121.07217887062075,residential
Sample Residence_Point_1054,14.273133219117046,121.07217887062075,residential
Sample Residence_Point_1055,14.274034120017946,121.07217887062075,residential
Sample Residence_Point_1056,14.274935020918846,121.07217887062075,residential
Sample Residence_Point_1057,14.275835921819747,121.07217887062075,residential
Sample Residence_Point_1058,14.276736822720647,121.07217887062075,residential
Sample Residence_Point_1059,14.277637723621547,121.07217887062075,residential
Sample Residence_Point_1060,14.278538624522447,121.07217887062075,residential
Sample Residence_Point_1061,14.279439525423347,121.07217887062075,residential
Sample Residence_Point_1062,14.280340426324248,121.07217887062075,residential
Sample Residence_Point_1063,14.281241327225148,121.07217887062075,residential
Sample Residence_Point_1064,14.282142228126048,121.07217887062075,residential
Sample Residence_Point_1065,14.283043129026948,121.07217887062075,residential
Sample Residence_Point_1066,14.283944029927849,121.07217887062075,residential
Sample Residence_Point_1067,14.284844930828749,121.07217887062075,residential
Sample Residence_Point_1068,14.285745831729649,121.07217887062075,residential
Sample Residence_Point_1069,14.28664673263055,121.07217887062075,residential
Sample Residence_Point_1070,14.28754763353145,121.07217887062075,residential
Sample Residence_Point_1071,14.28844853443235,121.07217887062075,residential
Sample Residence_Point_1072,14.28934943533325,121.07217887062075,residential
Sample Residence_Point_1073,14.29025033623415,121.07217887062075,residential
Sample Residence_Point_1074,14.29115123713505,121.07217887062075,residential
Sample Residence_Point_1075,14.25241249839634,121.07307977152165,residential
Sample Residence_Point_1076,14.253313399297241,121.07307977152165,residential
Sample Residence_Point_1077,14.254214300198141,121.07307977152165,residential
Sample Residence_Point_1078,14.255115201099041,121.07307977152165,residential
Sample Residence_Point_1079,14.256016101999942,121.07307977152165,residential
Sample Residence_Point_1080,14.256917002900842,121.07307977152165,residential
Sample Residence_Point_1081,14.257817903801742,121.07307977152165,residential
Sample Residence_Point_1082,14.258718804702642,121.07307977152165,residential
Sample Residence_Point_1083,14.259619705603543,121.07307977152165,residential
Sample Residence_Point_1084,14.260520606504443,121.07307977152165,residential
Sample Residence_Point_1085,14.261421507405343,121.07307977152165,residential
Sample Residence_Point_1086,14.262322408306243,121.07307977152165,residential
Sample Residence_Point_1087,14.263223309207143,121.07307977152165,residential
Sample Residence_Point_1088,14.264124210108044,121.07307977152165,residential
Sample Residence_Point_1089,14.265025111008944,121.07307977152165,residential
Sample Residence_Point_1090,14.265926011909844,121.07307977152165,residential
Sample Residence_Point_1091,14.266826912810744,121.07307977152165,residential
Sample Residence_Point_1092,14.267727813711645,121.07307977152165,residential
Sample Residence_Point_1093,14.268628714612545,121.07307977152165,residential
Sample Residence_Point_1094,14.269529615513445,121.07307977152165,residential
Sample Residence_Point_1095,14.270430516414345,121.07307977152165,residential
Sample Residence_Point_1096,14.271331417315245,121.07307977152165,residential
Sample Residence_Point_1097,14.272232318216146,121.07307977152165,residential
Sample Residence_Point_1098,14.273133219117046,121.07307977152165,residential
Sample Residence_Point_1099,14.274034120017946,121.07307977152165,residential
Sample Residence_Point_1100,14.274935020918846,121.07307977152165,residential
Sample Residence_Point_1101,14.275835921819747,121.07307977152165,residential
Sample Residence_Point_1102,14.276736822720647,121.07307977152165,residential
Sample Residence_Point_1103,14.277637723621547,121.07307977152165,residential
Sample Residence_Point_1104,14.278538624522447,121.07307977152165,residential
Sample Residence_Point_1105,14.279439525423347,121.07307977152165,residential
Sample Residence_Point_1106,14.280340426324248,121.07307977152165,residential
Sample Residence_Point_1107,14.281241327225148,121.07307977152165,residential
Sample Residence_Point_1108,14.282142228126048,121.07307977152165,residential
Sample Residence_Point_1109,14.283043129026948,121.07307977152165,residential
Sample Residence_Point_1110,14.283944029927849,121.07307977152165,residential
Sample Residence_Point_1111,14.284844930828749,121.07307977152165,residential
Sample Residence_Point_1112,14.285745831729649,121.07307977152165,residential
Sample Residence_Point_1113,14.28664673263055,121.07307977152165,residential
Sample Residence_Point_1114,14.28754763353145,121.07307977152165,residential
Sample Residence_Point_1115,14.28844853443235,121.07307977152165,residential
Sample Residence_Point_1116,14.28934943533325,121.07307977152165,residential
Sample Residence_Point_1117,14.29025033623415,121.07307977152165,residential
Sample Residence_Point_1118,14.29115123713505,121.07307977152165,residential
Sample Residence_Point_1119,14.29205213803595,121.07307977152165,residential
Sample Residence_Point_1120,14.253313399297241,121.07398067242255,residential
Sample Residence_Point_1121,14.254214300198141,121.07398067242255,residential
Sample Residence_Point_1122,14.255115201099041,121.07398067242255,residential
Sample Residence_Point_1123,14.256016101999942,121.07398067242255,residential
Sample Residence_Point_1124,14.256917002900842,121.07398067242255,residential
Sample Residence_Point_1125,14.257817903801742,121.07398067242255,residential
Sample Residence_Point_1126,14.258718804702642,121.07398067242255,residential
Sample Residence_Point_1127,14.259619705603543,121.07398067242255,residential
Sample Residence_Point_1128,14.260520606504443,121.07398067242255,residential
Sample Residence_Point_1129,14.261421507405343,121.07398067242255,residential
Sample Residence_Point_1130,14.262322408306243,121.07398067242255,residential
Sample Residence_Point_1131,14.263223309207143,121.07398067242255,residential
Sample Residence_Point_1132,14.264124210108044,121.07398067242255,residential
Sample Residence_Point_1133,14.265025111008944,121.07398067242255,residential
Sample Residence_Point_1134,14.265926011909844,121.07398067242255,residential
Sample Residence_Point_1135,14.266826912810744,121.07398067242255,residential
Sample Residence_Point_1136,14.267727813711645,121.07398067242255,residential
Sample Residence_Point_1137,14.268628714612545,121.07398067242255,residential
Sample Residence_Point_1138,14.269529615513445,121.07398067242255,residential
Sample Residence_Point_1139,14.270430516414345,121.07398067242255,residential
Sample Residence_Point_1140,14.271331417315245,121.07398067242255,residential
Sample Residence_Point_1141,14.272232318216146,121.07398067242255,residential
Sample Residence_Point_1142,14.273133219117046,121.07398067242255,residential
Sample Residence_Point_1143,14.274034120017946,121.07398067242255,residential
Sample Residence_Point_1144,14.274935020918846,121.07398067242255,residential
Sample Residence_Point_1145,14.275835921819747,121.07398067242255,residential
Sample Residence_Point_1146,14.276736822720647,121.07398067242255,residential
Sample Residence_Point_1147,14.277637723621547,121.07398067242255,residential
Sample Residence_Point_1148,14.278538624522447,121.07398067242255,residential
Sample Residence_Point_1149,14.279439525423347,121.07398067242255,residential
Sample Residence_Point_1150,14.280340426324248,121.07398067242255,residential
Sample Residence_Point_1151,14.281241327225148,121.07398067242255,residential
Sample Residence_Point_1152,14.282142228126048,121.07398067242255,residential
Sample Residence_Point_1153,14.283043129026948,121.07398067242255,residential
Sample Residence_Point_1154,14.283944029927849,121.07398067242255,residential
Sample Residence_Point_1155,14.284844930828749,121.07398067242255,residential
Sample Residence_Point_1156,14.285745831729649,121.07398067242255,residential
Sample Residence_Point_1157,14.28664673263055,121.07398067242255,residential
Sample Residence_Point_1158,14.28754763353145,121.07398067242255,residential
Sample Residence_Point_1159,14.28844853443235,121.07398067242255,residential
Sample Residence_Point_1160,14.28934943533325,121.07398067242255,residential
Sample Residence_Point_1161,14.29025033623415,121.07398067242255,residential
Sample Residence_Point_1162,14.29115123713505,121.07398067242255,residential
Sample Residence_Point_1163,14.29205213803595,121.07398067242255,residential
Sample Residence_Point_1164,14.29295303893685,121.07398067242255,residential
Sample Residence_Point_1165,14.254214300198141,121.07488157332345,residential
Sample Residence_Point_1166,14.255115201099041,121.07488157332345,residential
Sample Residence_Point_1167,14.256016101999942,121.07488157332345,residential
Sample Residence_Point_1168,14.256917002900842,121.07488157332345,residential
Sample Residence_Point_1169,14.257817903801742,121.07488157332345,residential
Sample Residence_Point_1170,14.258718804702642,121.07488157332345,residential
Sample Residence_Point_1171,14.259619705603543,121.07488157332345,residential
Sample Residence_Point_1172,14.260520606504443,121.07488157332345,residential
Sample Residence_Point_1173,14.261421507405343,121.07488157332345,residential
Sample Residence_Point_1174,14.262322408306243,121.07488157332345,residential
Sample Residence_Point_1175,14.263223309207143,121.07488157332345,residential
Sample Residence_Point_1176,14.264124210108044,121.07488157332345,residential
Sample Residence_Point_1177,14.265025111008944,121.07488157332345,residential
Sample Residence_Point_1178,14.265926011909844,121.07488157332345,residential
Sample Residence_Point_1179,14.266826912810744,121.07488157332345,residential
Sample Residence_Point_1180,14.267727813711645,121.07488157332345,residential
Sample Residence_Point_1181,14.268628714612545,121.07488157332345,residential
Sample Residence_Point_1182,14.269529615513445,121.07488157332345,residential
Sample Residence_Point_1183,14.270430516414345,121.07488157332345,residential
Sample Residence_Point_1184,14.271331417315245,121.07488157332345,residential
Sample Residence_Point_1185,14.272232318216146,121.07488157332345,residential
Sample Residence_Point_1186,14.273133219117046,121.07488157332345,residential
Sample Residence_Point_1187,14.274034120017946,121.07488157332345,residential
Sample Residence_Point_1188,14.274935020918846,121.07488157332345,residential
Sample Residence_Point_1189,14.275835921819747,121.07488157332345,residential
Sample Residence_Point_1190,14.276736822720647,121.07488157332345,residential
Sample Residence_Point_1191,14.277637723621547,121.07488157332345,residential
Sample Residence_Point_1192,14.278538624522447,121.07488157332345,residential
Sample Residence_Point_1193,14.279439525423347,121.07488157332345,residential
Sample Residence_Point_1194,14.280340426324248,121.07488157332345,residential
Sample Residence_Point_1195,14.281241327225148,121.07488157332345,residential
Sample Residence_Point_1196,14.282142228126048,121.07488157332345,residential
Sample Residence_Point_1197,14.283043129026948,121.07488157332345,residential
Sample Residence_Point_1198,14.283944029927849,121.07488157332345,residential
Sample Residence_Point_1199,14.284844930828749,121.07488157332345,residential
Sample Residence_Point_1200,14.285745831729649,121.07488157332345,residential
Sample Residence_Point_1201,14.28664673263055,121.07488157332345,residential
Sample Residence_Point_1202,14.28754763353145,121.07488157332345,residential
Sample Residence_Point_1203,14.28844853443235,121.07488157332345,residential
Sample Residence_Point_1204,14.28934943533325,121.07488157332345,residential
Sample Residence_Point_1205,14.29025033623415,121.07488157332345,residential
Sample Residence_Point_1206,14.29115123713505,121.07488157332345,residential
Sample Residence_Point_1207,14.29205213803595,121.07488157332345,residential
Sample Residence_Point_1208,14.29295303893685,121.07488157332345,residential
Sample Residence_Point_1209,14.255115201099041,121.07578247422435,residential
Sample Residence_Point_1210,14.256016101999942,121.07578247422435,residential
Sample Residence_Point_1211,14.256917002900842,121.07578247422435,residential
Sample Residence_Point_1212,14.257817903801742,121.07578247422435,residential
Sample Residence_Point_1213,14.258718804702642,121.07578247422435,residential
Sample Residence_Point_1214,14.259619705603543,121.07578247422435,residential
Sample Residence_Point_1215,14.260520606504443,121.07578247422435,residential
Sample Residence_Point_1216,14.261421507405343,121.07578247422435,residential
Sample Residence_Point_1217,14.262322408306243,121.07578247422435,residential
Sample Residence_Point_1218,14.263223309207143,121.07578247422435,residential
Sample Residence_Point_1219,14.264124210108044,121.07578247422435,residential
Sample Residence_Point_1220,14.265025111008944,121.07578247422435,residential
Sample Residence_Point_1221,14.265926011909844,121.07578247422435,residential
Sample Residence_Point_1222,14.266826912810744,121.07578247422435,residential
Sample Residence_Point_1223,14.267727813711645,121.07578247422435,residential
Sample Residence_Point_1224,14.268628714612545,121.07578247422435,residential
Sample Residence_Point_1225,14.269529615513445,121.07578247422435,residential
Sample Residence_Point_1226,14.270430516414345,121.07578247422435,residential
Sample Residence_Point_1227,14.271331417315245,121.07578247422435,residential
Sample Residence_Point_1228,14.272232318216146,121.07578247422435,residential
Sample Residence_Point_1229,14.273133219117046,121.07578247422435,residential
Sample Residence_Point_1230,14.274034120017946,121.07578247422435,residential
Sample Residence_Point_1231,14.274935020918846,121.07578247422435,residential
Sample Residence_Point_1232,14.275835921819747,121.07578247422435,residential
Sample Residence_Point_1233,14.276736822720647,121.07578247422435,residential
Sample Residence_Point_1234,14.277637723621547,121.07578247422435,residential
Sample Residence_Point_1235,14.278538624522447,121.07578247422435,residential
Sample Residence_Point_1236,14.279439525423347,121.07578247422435,residential
Sample Residence_Point_1237,14.280340426324248,121.07578247422435,residential
Sample Residence_Point_1238,14.281241327225148,121.07578247422435,residential
Sample Residence_Point_1239,14.282142228126048,121.07578247422435,residential
Sample Residence_Point_1240,14.283043129026948,121.07578247422435,residential
Sample Residence_Point_1241,14.283944029927849,121.07578247422435,residential
Sample Residence_Point_1242,14.284844930828749,121.07578247422435,residential
Sample Residence_Point_1243,14.285745831729649,121.07578247422435,residential
Sample Residence_Point_1244,14.28664673263055,121.07578247422435,residential
Sample Residence_Point_1245,14.28754763353145,121.07578247422435,residential
Sample Residence_Point_1246,14.28844853443235,121.07578247422435,residential
Sample Residence_Point_1247,14.28934943533325,121.07578247422435,residential
Sample Residence_Point_1248,14.29025033623415,121.07578247422435,residential
Sample Residence_Point_1249,14.29115123713505,121.07578247422435,residential
Sample Residence_Point_1250,14.29205213803595,121.07578247422435,residential
Sample Residence_Point_1251,14.29295303893685,121.07578247422435,residential
Sample Residence_Point_1252,14.293853939837751,121.07578247422435,residential
Sample Residence_Point_1253,14.256016101999942,121.07668337512526,residential
Sample Residence_Point_1254,14.256917002900842,121.07668337512526,residential
Sample Residence_Point_1255,14.257817903801742,121.07668337512526,residential
Sample Residence_Point_1256,14.258718804702642,121.07668337512526,residential
Sample Residence_Point_1257,14.259619705603543,121.07668337512526,residential
Sample Residence_Point_1258,14.260520606504443,121.07668337512526,residential
Sample Residence_Point_1259,14.261421507405343,121.07668337512526,residential
Sample Residence_Point_1260,14.262322408306243,121.07668337512526,residential
Sample Residence_Point_1261,14.263223309207143,121.07668337512526,residential
Sample Residence_Point_1262,14.264124210108044,121.07668337512526,residential
Sample Residence_Point_1263,14.265025111008944,121.07668337512526,residential
Sample Residence_Point_1264,14.265926011909844,121.07668337512526,residential
Sample Residence_Point_1265,14.266826912810744,121.07668337512526,residential
Sample Residence_Point_1266,14.267727813711645,121.07668337512526,residential
Sample Residence_Point_1267,14.268628714612545,121.07668337512526,residential
Sample Residence_Point_1268,14.269529615513445,121.07668337512526,residential
Sample Residence_Point_1269,14.270430516414345,121.07668337512526,residential
Sample Residence_Point_1270,14.271331417315245,121.07668337512526,residential
Sample Residence_Point_1271,14.272232318216146,121.07668337512526,residential
Sample Residence_Point_1272,14.273133219117046,121.07668337512526,residential
Sample Residence_Point_1273,14.274034120017946,121.07668337512526,residential
Sample Residence_Point_1274,14.274935020918846,121.07668337512526,residential
Sample Residence_Point_1275,14.275835921819747,121.07668337512526,residential
Sample Residence_Point_1276,14.276736822720647,121.07668337512526,residential
Sample Residence_Point_1277,14.277637723621547,121.07668337512526,residential
Sample Residence_Point_1278,14.278538624522447,121.07668337512526,residential
Sample Residence_Point_1279,14.279439525423347,121.07668337512526,residential
Sample Residence_Point_1280,14.280340426324248,121.07668337512526,residential
Sample Residence_Point_1281,14.281241327225148,121.07668337512526,residential
Sample Residence_Point_1282,14.282142228126048,121.07668337512526,residential
Sample Residence_Point_1283,14.283043129026948,121.07668337512526,residential
Sample Residence_Point_1284,14.283944029927849,121.07668337512526,residential
Sample Residence_Point_1285,14.284844930828749,121.07668337512526,residential
Sample Residence_Point_1286,14.285745831729649,121.07668337512526,residential
Sample Residence_Point_1287,14.28664673263055,121.07668337512526,residential
Sample Residence_Point_1288,14.28754763353145,121.07668337512526,residential
Sample Residence_Point_1289,14.28844853443235,121.07668337512526,residential
Sample Residence_Point_1290,14.28934943533325,121.07668337512526,residential
Sample Residence_Point_1291,14.29025033623415,121.07668337512526,residential
Sample Residence_Point_1292,14.29115123713505,121.07668337512526,residential
Sample Residence_Point_1293,14.29205213803595,121.07668337512526,residential
Sample Residence_Point_1294,14.29295303893685,121.07668337512526,residential
Sample Residence_Point_1295,14.293853939837751,121.07668337512526,residential
Sample Residence_Point_1296,14.294754840738651,121.07668337512526,residential
Sample Residence_Point_1297,14.256917002900842,121.07758427602616,residential
Sample Residence_Point_1298,14.257817903801742,121.07758427602616,residential
Sample Residence_Point_1299,14.258718804702642,121.07758427602616,residential
Sample Residence_Point_1300,14.259619705603543,121.07758427602616,residential
Sample Residence_Point_1301,14.260520606504443,121.07758427602616,residential
Sample Residence_Point_1302,14.261421507405343,121.07758427602616,residential
Sample Residence_Point_1303,14.262322408306243,121.07758427602616,residential
Sample Residence_Point_1304,14.263223309207143,121.07758427602616,residential
Sample Residence_Point_1305,14.264124210108044,121.07758427602616,residential
Sample Residence_Point_1306,14.265025111008944,121.07758427602616,residential
Sample Residence_Point_1307,14.265926011909844,121.07758427602616,residential
Sample Residence_Point_1308,14.266826912810744,121.07758427602616,residential
Sample Residence_Point_1309,14.267727813711645,121.07758427602616,residential
Sample Residence_Point_1310,14.268628714612545,121.07758427602616,residential
Sample Residence_Point_1311,14.269529615513445,121.07758427602616,residential
Sample Residence_Point_1312,14.270430516414345,121.07758427602616,residential
Sample Residence_Point_1313,14.271331417315245,121.07758427602616,residential
Sample Residence_Point_1314,14.272232318216146,121.07758427602616,residential
Sample Residence_Point_1315,14.273133219117046,121.07758427602616,residential
Sample Residence_Point_1316,14.274034120017946,121.07758427602616,residential
Sample Residence_Point_1317,14.274935020918846,121.07758427602616,residential
Sample Residence_Point_1318,14.275835921819747,121.07758427602616,residential
Sample Residence_Point_1319,14.276736822720647,121.07758427602616,residential
Sample Residence_Point_1320,14.277637723621547,121.07758427602616,residential
Sample Residence_Point_1321,14.278538624522447,121.07758427602616,residential
Sample Residence_Point_1322,14.279439525423347,121.07758427602616,residential
Sample Residence_Point_1323,14.280340426324248,121.07758427602616,residential
Sample Residence_Point_1324,14.281241327225148,121.07758427602616,residential
Sample Residence_Point_1325,14.282142228126048,121.07758427602616,residential
Sample Residence_Point_1326,14.283043129026948,121.07758427602616,residential
Sample Residence_Point_1327,14.283944029927849,121.07758427602616,residential
Sample Residence_Point_1328,14.284844930828749,121.07758427602616,residential
Sample Residence_Point_1329,14.285745831729649,121.07758427602616,residential
Sample Residence_Point_1330,14.28664673263055,121.07758427602616,residential
Sample Residence_Point_1331,14.28754763353145,121.07758427602616,residential
Sample Residence_Point_1332,14.28844853443235,121.07758427602616,residential
Sample Residence_Point_1333,14.28934943533325,121.07758427602616,residential
Sample Residence_Point_1334,14.29025033623415,121.07758427602616,residential
Sample Residence_Point_1335,14.29115123713505,121.07758427602616,residential
Sample Residence_Point_1336,14.29205213803595,121.07758427602616,residential
Sample Residence_Point_1337,14.29295303893685,121.07758427602616,residential
Sample Residence_Point_1338,14.293853939837751,121.07758427602616,residential
Sample Residence_Point_1339,14.294754840738651,121.07758427602616,residential
Sample Residence_Point_1340,14.295655741639552,121.07758427602616,residential
Sample Residence_Point_1341,14.257817903801742,121.07848517692706,residential
Sample Residence_Point_1342,14.258718804702642,121.07848517692706,residential
Sample Residence_Point_1343,14.259619705603543,121.07848517692706,residential
Sample Residence_Point_1344,14.260520606504443,121.07848517692706,residential
Sample Residence_Point_1345,14.261421507405343,121.07848517692706,residential
Sample Residence_Point_1346,14.262322408306243,121.07848517692706,residential
Sample Residence_Point_1347,14.263223309207143,121.07848517692706,residential
Sample Residence_Point_1348,14.264124210108044,121.07848517692706,residential
Sample Residence_Point_1349,14.265025111008944,121.07848517692706,residential
Sample Residence_Point_1350,14.265926011909844,121.07848517692706,residential
Sample Residence_Point_1351,14.266826912810744,121.07848517692706,residential
Sample Residence_Point_1352,14.267727813711645,121.07848517692706,residential
Sample Residence_Point_1353,14.268628714612545,121.07848517692706,residential
Sample Residence_Point_1354,14.269529615513445,121.07848517692706,residential
Sample Residence_Point_1355,14.270430516414345,121.07848517692706,residential
Sample Residence_Point_1356,14.271331417315245,121.07848517692706,residential
Sample Residence_Point_1357,14.272232318216146,121.07848517692706,residential
Sample Residence_Point_1358,14.273133219117046,121.07848517692706,residential
Sample Residence_Point_1359,14.274034120017946,121.07848517692706,residential
Sample Residence_Point_1360,14.274935020918846,121.07848517692706,residential
Sample Residence_Point_1361,14.275835921819747,121.07848517692706,residential
Sample Residence_Point_1362,14.276736822720647,121.07848517692706,residential
Sample Residence_Point_1363,14.277637723621547,121.07848517692706,residential
Sample Residence_Point_1364,14.278538624522447,121.07848517692706,residential
Sample Residence_Point_1365,14.279439525423347,121.07848517692706,residential
Sample Residence_Point_1366,14.280340426324248,121.07848517692706,residential
Sample Residence_Point_1367,14.281241327225148,121.07848517692706,residential
Sample Residence_Point_1368,14.282142228126048,121.07848517692706,residential
Sample Residence_Point_1369,14.283043129026948,121.07848517692706,residential
Sample Residence_Point_1370,14.283944029927849,121.07848517692706,residential
Sample Residence_Point_1371,14.284844930828749,121.07848517692706,residential
Sample Residence_Point_1372,14.285745831729649,121.07848517692706,residential
Sample Residence_Point_1373,14.28664673263055,121.07848517692706,residential
Sample Residence_Point_1374,14.28754763353145,121.07848517692706,residential
Sample Residence_Point_1375,14.28844853443235,121.07848517692706,residential
Sample Residence_Point_1376,14.28934943533325,121.07848517692706,residential
Sample Residence_Point_1377,14.29025033623415,121.07848517692706,residential
Sample Residence_Point_1378,14.29115123713505,121.07848517692706,residential
Sample Residence_Point_1379,14.29205213803595,121.07848517692706,residential
Sample Residence_Point_1380,14.29295303893685,121.07848517692706,residential
Sample Residence_Point_1381,14.293853939837751,121.07848517692706,residential
Sample Residence_Point_1382,14.294754840738651,121.07848517692706,residential
Sample Residence_Point_1383,14.295655741639552,121.07848517692706,residential
Sample Residence_Point_1384,14.296556642540452,121.07848517692706,residential
Sample Residence_Point_1385,14.258718804702642,121.07938607782796,residential
Sample Residence_Point_1386,14.259619705603543,121.07938607782796,residential
Sample Residence_Point_1387,14.260520606504443,121.07938607782796,residential
Sample Residence_Point_1388,14.261421507405343,121.07938607782796,residential
Sample Residence_Point_1389,14.262322408306243,121.07938607782796,residential
Sample Residence_Point_1390,14.263223309207143,121.07938607782796,residential
Sample Residence_Point_1391,14.264124210108044,121.07938607782796,residential
Sample Residence_Point_1392,14.265025111008944,121.07938607782796,residential
Sample Residence_Point_1393,14.265926011909844,121.07938607782796,residential
Sample Residence_Point_1394,14.266826912810744,121.07938607782796,residential
Sample Residence_Point_1395,14.267727813711645,121.07938607782796,residential
Sample Residence_Point_1396,14.268628714612545,121.07938607782796,residential
Sample Residence_Point_1397,14.269529615513445,121.07938607782796,residential
Sample Residence_Point_1398,14.270430516414345,121.07938607782796,residential
Sample Residence_Point_1399,14.271331417315245,121.07938607782796,residential
Sample Residence_Point_1400,14.272232318216146,121.07938607782796,residential
Sample Residence_Point_1401,14.273133219117046,121.07938607782796,residential
Sample Residence_Point_1402,14.274034120017946,121.07938607782796,residential
Sample Residence_Point_1403,14.274935020918846,121.07938607782796,residential
Sample Residence_Point_1404,14.275835921819747,121.07938607782796,residential
Sample Residence_Point_1405,14.276736822720647,121.07938607782796,residential
Sample Residence_Point_1406,14.277637723621547,121.07938607782796,residential
Sample Residence_Point_1407,14.278538624522447,121.07938607782796,residential
Sample Residence_Point_1408,14.279439525423347,121.07938607782796,residential
Sample Residence_Point_1409,14.280340426324248,121.07938607782796,residential
Sample Residence_Point_1410,14.281241327225148,121.07938607782796,residential
Sample Residence_Point_1411,14.282142228126048,121.07938607782796,residential
Sample Residence_Point_1412,14.283043129026948,121.07938607782796,residential
Sample Residence_Point_1413,14.283944029927849,121.07938607782796,residential
Sample Residence_Point_1414,14.284844930828749,121.07938607782796,residential
Sample Residence_Point_1415,14.285745831729649,121.07938607782796,residential
Sample Residence_Point_1416,14.28664673263055,121.07938607782796,residential
Sample Residence_Point_1417,14.28754763353145,121.07938607782796,residential
Sample Residence_Point_1418,14.28844853443235,121.07938607782796,residential
Sample Residence_Point_1419,14.28934943533325,121.07938607782796,residential
Sample Residence_Point_1420,14.29025033623415,121.07938607782796,residential
Sample Residence_Point_1421,14.29115123713505,121.07938607782796,residential
Sample Residence_Point_1422,14.29205213803595,121.07938607782796,residential
Sample Residence_Point_1423,14.29295303893685,121.07938607782796,residential
Sample Residence_Point_1424,14.293853939837751,121.07938607782796,residential
Sample Residence_Point_1425,14.294754840738651,121.07938607782796,residential
Sample Residence_Point_1426,14.295655741639552,121.07938607782796,residential
Sample Residence_Point_1427,14.296556642540452,121.07938607782796,residential
Sample Residence_Point_1428,14.259619705603543,121.08028697872886,residential
Sample Residence_Point_1429,14.260520606504443,121.08028697872886,residential
Sample Residence_Point_1430,14.261421507405343,121.08028697872886,residential
Sample Residence_Point_1431,14.262322408306243,121.08028697872886,residential
Sample Residence_Point_1432,14.263223309207143,121.08028697872886,residential
Sample Residence_Point_1433,14.264124210108044,121.08028697872886,residential
Sample Residence_Point_1434,14.265025111008944,121.08028697872886,residential
Sample Residence_Point_1435,14.265926011909844,121.08028697872886,residential
Sample Residence_Point_1436,14.266826912810744,121.08028697872886,residential
Sample Residence_Point_1437,14.267727813711645,121.08028697872886,residential
Sample Residence_Point_1438,14.268628714612545,121.08028697872886,residential
Sample Residence_Point_1439,14.269529615513445,121.08028697872886,residential
Sample Residence_Point_1440,14.270430516414345,121.08028697872886,residential
Sample Residence_Point_1441,14.271331417315245,121.08028697872886,residential
Sample Residence_Point_1442,14.272232318216146,121.08028697872886,residential
Sample Residence_Point_1443,14.273133219117046,121.08028697872886,residential
Sample Residence_Point_1444,14.274034120017946,121.08028697872886,residential
Sample Residence_Point_1445,14.274935020918846,121.08028697872886,residential
Sample Residence_Point_1446,14.275835921819747,121.08028697872886,residential
Sample Residence_Point_1447,14.276736822720647,121.08028697872886,residential
Sample Residence_Point_1448,14.277637723621547,121.08028697872886,residential
Sample Residence_Point_1449,14.278538624522447,121.08028697872886,residential
Sample Residence_Point_1450,14.279439525423347,121.08028697872886,residential
Sample Residence_Point_1451,14.280340426324248,121.08028697872886,residential
Sample Residence_Point_1452,14.281241327225148,121.08028697872886,residential
Sample Residence_Point_1453,14.282142228126048,121.08028697872886,residential
Sample Residence_Point_1454,14.283043129026948,121.08028697872886,residential
Sample Residence_Point_1455,14.283944029927849,121.08028697872886,residential
Sample Residence_Point_1456,14.284844930828749,121.08028697872886,residential
Sample Residence_Point_1457,14.285745831729649,121.08028697872886,residential
Sample Residence_Point_1458,14.28664673263055,121.08028697872886,residential
Sample Residence_Point_1459,14.28754763353145,121.08028697872886,residential
Sample Residence_Point_1460,14.28844853443235,121.08028697872886,residential
Sample Residence_Point_1461,14.28934943533325,121.08028697872886,residential
Sample Residence_Point_1462,14.29025033623415,121.08028697872886,residential
Sample Residence_Point_1463,14.29115123713505,121.08028697872886,residential
Sample Residence_Point_1464,14.29205213803595,121.08028697872886,residential
Sample Residence_Point_1465,14.29295303893685,121.08028697872886,residential
Sample Residence_Point_1466,14.293853939837751,121.08028697872886,residential
Sample Residence_Point_1467,14.294754840738651,121.08028697872886,residential
Sample Residence_Point_1468,14.295655741639552,121.08028697872886,residential
Sample Residence_Point_1469,14.296556642540452,121.08028697872886,residential
Sample Residence_Point_1470,14.297457543441352,121.08028697872886,residential
Sample Residence_Point_1471,14.261421507405343,121.08118787962977,residential
Sample Residence_Point_1472,14.262322408306243,121.08118787962977,residential
Sample Residence_Point_1473,14.263223309207143,121.08118787962977,residential
Sample Residence_Point_1474,14.264124210108044,121.08118787962977,residential
Sample Residence_Point_1475,14.265025111008944,121.08118787962977,residential
Sample Residence_Point_1476,14.265926011909844,121.08118787962977,residential
Sample Residence_Point_1477,14.266826912810744,121.08118787962977,residential
Sample Residence_Point_1478,14.267727813711645,121.08118787962977,residential
Sample Residence_Point_1479,14.268628714612545,121.08118787962977,residential
Sample Residence_Point_1480,14.269529615513445,121.08118787962977,residential
Sample Residence_Point_1481,14.270430516414345,121.08118787962977,residential
Sample Residence_Point_1482,14.271331417315245,121.08118787962977,residential
Sample Residence_Point_1483,14.272232318216146,121.08118787962977,residential
Sample Residence_Point_1484,14.273133219117046,121.08118787962977,residential
Sample Residence_Point_1485,14.274034120017946,121.08118787962977,residential
Sample Residence_Point_1486,14.274935020918846,121.08118787962977,residential
Sample Residence_Point_1487,14.275835921819747,121.08118787962977,residential
Sample Residence_Point_1488,14.276736822720647,121.08118787962977,residential
Sample Residence_Point_1489,14.277637723621547,121.08118787962977,residential
Sample Residence_Point_1490,14.278538624522447,121.08118787962977,residential
Sample Residence_Point_1491,14.279439525423347,121.08118787962977,residential
Sample Residence_Point_1492,14.280340426324248,121.08118787962977,residential
Sample Residence_Point_1493,14.281241327225148,121.08118787962977,residential
Sample Residence_Point_1494,14.282142228126048,121.08118787962977,residential
Sample Residence_Point_1495,14.283043129026948,121.08118787962977,residential
Sample Residence_Point_1496,14.283944029927849,121.08118787962977,residential
Sample Residence_Point_1497,14.284844930828749,121.08118787962977,residential
Sample Residence_Point_1498,14.285745831729649,121.08118787962977,residential
Sample Residence_Point_1499,14.28664673263055,121.08118787962977,residential
Sample Residence_Point_1500,14.28754763353145,121.08118787962977,residential
Sample Residence_Point_1501,14.28844853443235,121.08118787962977,residential
Sample Residence_Point_1502,14.28934943533325,121.08118787962977,residential
Sample Residence_Point_1503,14.29025033623415,121.08118787962977,residential
Sample Residence_Point_1504,14.29115123713505,121.08118787962977,residential
Sample Residence_Point_1505,14.29205213803595,121.08118787962977,residential
Sample Residence_Point_1506,14.29295303893685,121.08118787962977,residential
Sample Residence_Point_1507,14.293853939837751,121.08118787962977,residential
Sample Residence_Point_1508,14.294754840738651,121.08118787962977,residential
Sample Residence_Point_1509,14.295655741639552,121.08118787962977,residential
Sample Residence_Point_1510,14.296556642540452,121.08118787962977,residential
Sample Residence_Point_1511,14.262322408306243,121.08208878053067,residential
Sample Residence_Point_1512,14.263223309207143,121.08208878053067,residential
Sample Residence_Point_1513,14.264124210108044,121.08208878053067,residential
Sample Residence_Point_1514,14.265025111008944,121.08208878053067,residential
Sample Residence_Point_1515,14.265926011909844,121.08208878053067,residential
Sample Residence_Point_1516,14.266826912810744,121.08208878053067,residential
Sample Residence_Point_1517,14.267727813711645,121.08208878053067,residential
Sample Residence_Point_1518,14.268628714612545,121.08208878053067,residential
Sample Residence_Point_1519,14.269529615513445,121.08208878053067,residential
Sample Residence_Point_1520,14.270430516414345,121.08208878053067,residential
Sample Residence_Point_1521,14.271331417315245,121.08208878053067,residential
Sample Residence_Point_1522,14.272232318216146,121.08208878053067,residential
Sample Residence_Point_1523,14.273133219117046,121.08208878053067,residential
Sample Residence_Point_1524,14.274034120017946,121.08208878053067,residential
Sample Residence_Point_1525,14.274935020918846,121.08208878053067,residential
Sample Residence_Point_1526,14.275835921819747,121.08208878053067,residential
Sample Residence_Point_1527,14.276736822720647,121.08208878053067,residential
Sample Residence_Point_1528,14.277637723621547,121.08208878053067,residential
Sample Residence_Point_1529,14.278538624522447,121.08208878053067,residential
Sample Residence_Point_1530,14.279439525423347,121.08208878053067,residential
Sample Residence_Point_1531,14.280340426324248,121.08208878053067,residential
Sample Residence_Point_1532,14.281241327225148,121.08208878053067,residential
Sample Residence_Point_1533,14.282142228126048,121.08208878053067,residential
Sample Residence_Point_1534,14.283043129026948,121.08208878053067,residential
Sample Residence_Point_1535,14.283944029927849,121.08208878053067,residential
Sample Residence_Point_1536,14.284844930828749,121.08208878053067,residential
Sample Residence_Point_1537,14.285745831729649,121.08208878053067,residential
Sample Residence_Point_1538,14.28664673263055,121.08208878053067,residential
Sample Residence_Point_1539,14.28754763353145,121.08208878053067,residential
Sample Residence_Point_1540,14.28844853443235,121.08208878053067,residential
Sample Residence_Point_1541,14.28934943533325,121.08208878053067,residential
Sample Residence_Point_1542,14.29025033623415,121.08208878053067,residential
Sample Residence_Point_1543,14.29115123713505,121.08208878053067,residential
Sample Residence_Point_1544,14.29205213803595,121.08208878053067,residential
Sample Residence_Point_1545,14.29295303893685,121.08208878053067,residential
Sample Residence_Point_1546,14.293853939837751,121.08208878053067,residential
Sample Residence_Point_1547,14.294754840738651,121.08208878053067,residential
Sample Residence_Point_1548,14.295655741639552,121.08208878053067,residential
Sample Residence_Point_1549,14.263223309207143,121.08298968143157,residential
Sample Residence_Point_1550,14.264124210108044,121.08298968143157,residential
Sample Residence_Point_1551,14.265025111008944,121.08298968143157,residential
Sample Residence_Point_1552,14.265926011909844,121.08298968143157,residential
Sample Residence_Point_1553,14.266826912810744,121.08298968143157,residential
Sample Residence_Point_1554,14.267727813711645,121.08298968143157,residential
Sample Residence_Point_1555,14.268628714612545,121.08298968143157,residential
Sample Residence_Point_1556,14.269529615513445,121.08298968143157,residential
Sample Residence_Point_1557,14.270430516414345,121.08298968143157,residential
Sample Residence_Point_1558,14.271331417315245,121.08298968143157,residential
Sample Residence_Point_1559,14.272232318216146,121.08298968143157,residential
Sample Residence_Point_1560,14.273133219117046,121.08298968143157,residential
Sample Residence_Point_1561,14.274034120017946,121.08298968143157,residential
Sample Residence_Point_1562,14.274935020918846,121.08298968143157,residential
Sample Residence_Point_1563,14.275835921819747,121.08298968143157,residential
Sample Residence_Point_1564,14.276736822720647,121.08298968143157,residential
Sample Residence_Point_1565,14.277637723621547,121.08298968143157,residential
Sample Residence_Point_1566,14.278538624522447,121.08298968143157,residential
Sample Residence_Point_1567,14.279439525423347,121.08298968143157,residential
Sample Residence_Point_1568,14.280340426324248,121.08298968143157,residential
Sample Residence_Point_1569,14.281241327225148,121.08298968143157,residential
Sample Residence_Point_1570,14.282142228126048,121.08298968143157,residential
Sample Residence_Point_1571,14.283043129026948,121.08298968143157,residential
Sample Residence_Point_1572,14.283944029927849,121.08298968143157,residential
Sample Residence_Point_1573,14.284844930828749,121.08298968143157,residential
Sample Residence_Point_1574,14.285745831729649,121.08298968143157,residential
Sample Residence_Point_1575,14.28664673263055,121.08298968143157,residential
Sample Residence_Point_1576,14.28754763353145,121.08298968143157,residential
Sample Residence_Point_1577,14.28844853443235,121.08298968143157,residential
Sample Residence_Point_1578,14.28934943533325,121.08298968143157,residential
Sample Residence_Point_1579,14.29025033623415,121.08298968143157,residential
Sample Residence_Point_1580,14.29115123713505,121.08298968143157,residential
Sample Residence_Point_1581,14.29205213803595,121.08298968143157,residential
Sample Residence_Point_1582,14.29295303893685,121.08298968143157,residential
Sample Residence_Point_1583,14.293853939837751,121.08298968143157,residential
Sample Residence_Point_1584,14.264124210108044,121.08389058233247,residential
Sample Residence_Point_1585,14.265025111008944,121.08389058233247,residential
Sample Residence_Point_1586,14.265926011909844,121.08389058233247,residential
Sample Residence_Point_1587,14.266826912810744,121.08389058233247,residential
Sample Residence_Point_1588,14.267727813711645,121.08389058233247,residential
Sample Residence_Point_1589,14.268628714612545,121.08389058233247,residential
Sample Residence_Point_1590,14.269529615513445,121.08389058233247,residential
Sample Residence_Point_1591,14.270430516414345,121.08389058233247,residential
Sample Residence_Point_1592,14.271331417315245,121.08389058233247,residential
Sample Residence_Point_1593,14.272232318216146,121.08389058233247,residential
Sample Residence_Point_1594,14.273133219117046,121.08389058233247,residential
Sample Residence_Point_1595,14.274034120017946,121.08389058233247,residential
Sample Residence_Point_1596,14.274935020918846,121.08389058233247,residential
Sample Residence_Point_1597,14.275835921819747,121.08389058233247,residential
Sample Residence_Point_1598,14.276736822720647,121.08389058233247,residential
Sample Residence_Point_1599,14.277637723621547,121.08389058233247,residential
Sample Residence_Point_1600,14.278538624522447,121.08389058233247,residential
Sample Residence_Point_1601,14.279439525423347,121.08389058233247,residential
Sample Residence_Point_1602,14.280340426324248,121.08389058233247,residential
Sample Residence_Point_1603,14.281241327225148,121.08389058233247,residential
Sample Residence_Point_1604,14.282142228126048,121.08389058233247,residential
Sample Residence_Point_1605,14.283043129026948,121.08389058233247,residential
Sample Residence_Point_1606,14.283944029927849,121.08389058233247,residential
Sample Residence_Point_1607,14.284844930828749,121.08389058233247,residential
Sample Residence_Point_1608,14.285745831729649,121.08389058233247,residential
Sample Residence_Point_1609,14.28664673263055,121.08389058233247,residential
Sample Residence_Point_1610,14.28754763353145,121.08389058233247,residential
Sample Residence_Point_1611,14.28844853443235,121.08389058233247,residential
Sample Residence_Point_1612,14.28934943533325,121.08389058233247,residential
Sample Residence_Point_1613,14.29025033623415,121.08389058233247,residential
Sample Residence_Point_1614,14.29115123713505,121.08389058233247,residential
Sample Residence_Point_1615,14.29205213803595,121.08389058233247,residential
Sample Residence_Point_1616,14.29295303893685,121.08389058233247,residential
Sample Residence_Point_1617,14.265025111008944,121.08479148323337,residential
Sample Residence_Point_1618,14.265926011909844,121.08479148323337,residential
Sample Residence_Point_1619,14.266826912810744,121.08479148323337,residential
Sample Residence_Point_1620,14.267727813711645,121.08479148323337,residential
Sample Residence_Point_1621,14.268628714612545,121.08479148323337,residential
Sample Residence_Point_1622,14.269529615513445,121.08479148323337,residential
Sample Residence_Point_1623,14.270430516414345,121.08479148323337,residential
Sample Residence_Point_1624,14.271331417315245,121.08479148323337,residential
Sample Residence_Point_1625,14.272232318216146,121.08479148323337,residential
Sample Residence_Point_1626,14.273133219117046,121.08479148323337,residential
Sample Residence_Point_1627,14.274034120017946,121.08479148323337,residential
Sample Residence_Point_1628,14.274935020918846,121.08479148323337,residential
Sample Residence_Point_1629,14.275835921819747,121.08479148323337,residential
Sample Residence_Point_1630,14.276736822720647,121.08479148323337,residential
Sample Residence_Point_1631,14.277637723621547,121.08479148323337,residential
Sample Residence_Point_1632,14.278538624522447,121.08479148323337,residential
Sample Residence_Point_1633,14.279439525423347,121.08479148323337,residential
Sample Residence_Point_1634,14.280340426324248,121.08479148323337,residential
Sample Residence_Point_1635,14.281241327225148,121.08479148323337,residential
Sample Residence_Point_1636,14.282142228126048,121.08479148323337,residential
Sample Residence_Point_1637,14.283043129026948,121.08479148323337,residential
Sample Residence_Point_1638,14.283944029927849,121.08479148323337,residential
Sample Residence_Point_1639,14.284844930828749,121.08479148323337,residential
Sample Residence_Point_1640,14.285745831729649,121.08479148323337,residential
Sample Residence_Point_1641,14.28664673263055,121.08479148323337,residential
Sample Residence_Point_1642,14.28754763353145,121.08479148323337,residential
Sample Residence_Point_1643,14.28844853443235,121.08479148323337,residential
Sample Residence_Point_1644,14.28934943533325,121.08479148323337,residential
Sample Residence_Point_1645,14.29025033623415,121.08479148323337,residential
Sample Residence_Point_1646,14.29115123713505,121.08479148323337,residential
Sample Residence_Point_1647,14.265926011909844,121.08569238413428,residential
Sample Residence_Point_1648,14.266826912810744,121.08569238413428,residential
Sample Residence_Point_1649,14.267727813711645,121.08569238413428,residential
Sample Residence_Point_1650,14.268628714612545,121.08569238413428,residential
Sample Residence_Point_1651,14.269529615513445,121.08569238413428,residential
Sample Residence_Point_1652,14.270430516414345,121.08569238413428,residential
Sample Residence_Point_1653,14.271331417315245,121.08569238413428,residential
Sample Residence_Point_1654,14.272232318216146,121.08569238413428,residential
Sample Residence_Point_1655,14.273133219117046,121.08569238413428,residential
Sample Residence_Point_1656,14.274034120017946,121.08569238413428,residential
Sample Residence_Point_1657,14.274935020918846,121.08569238413428,residential
Sample Residence_Point_1658,14.275835921819747,121.08569238413428,residential
Sample Residence_Point_1659,14.276736822720647,121.08569238413428,residential
Sample Residence_Point_1660,14.277637723621547,121.08569238413428,residential
Sample Residence_Point_1661,14.278538624522447,121.08569238413428,residential
Sample Residence_Point_1662,14.279439525423347,121.08569238413428,residential
Sample Residence_Point_1663,14.280340426324248,121.08569238413428,residential
Sample Residence_Point_1664,14.281241327225148,121.08569238413428,residential
Sample Residence_Point_1665,14.282142228126048,121.08569238413428,residential
Sample Residence_Point_1666,14.283043129026948,121.08569238413428,residential
Sample Residence_Point_1667,14.283944029927849,121.08569238413428,residential
Sample Residence_Point_1668,14.284844930828749,121.08569238413428,residential
Sample Residence_Point_1669,14.285745831729649,121.08569238413428,residential
Sample Residence_Point_1670,14.28664673263055,121.08569238413428,residential
Sample Residence_Point_1671,14.28754763353145,121.08569238413428,residential
Sample Residence_Point_1672,14.28844853443235,121.08569238413428,residential
Sample Residence_Point_1673,14.28934943533325,121.08569238413428,residential
Sample Residence_Point_1674,14.29025033623415,121.08569238413428,residential
Sample Residence_Point_1675,14.266826912810744,121.08659328503518,residential
Sample Residence_Point_1676,14.267727813711645,121.08659328503518,residential
Sample Residence_Point_1677,14.268628714612545,121.08659328503518,residential
Sample Residence_Point_1678,14.269529615513445,121.08659328503518,residential
Sample Residence_Point_1679,14.270430516414345,121.08659328503518,residential
Sample Residence_Point_1680,14.271331417315245,121.08659328503518,residential
Sample Residence_Point_1681,14.272232318216146,121.08659328503518,residential
Sample Residence_Point_1682,14.273133219117046,121.08659328503518,residential
Sample Residence_Point_1683,14.274034120017946,121.08659328503518,residential
Sample Residence_Point_1684,14.274935020918846,121.08659328503518,residential
Sample Residence_Point_1685,14.275835921819747,121.08659328503518,residential
Sample Residence_Point_1686,14.276736822720647,121.08659328503518,residential
Sample Residence_Point_1687,14.277637723621547,121.08659328503518,residential
Sample Residence_Point_1688,14.278538624522447,121.08659328503518,residential
Sample Residence_Point_1689,14.279439525423347,121.08659328503518,residential
Sample Residence_Point_1690,14.280340426324248,121.08659328503518,residential
Sample Residence_Point_1691,14.281241327225148,121.08659328503518,residential
Sample Residence_Point_1692,14.282142228126048,121.08659328503518,residential
Sample Residence_Point_1693,14.283043129026948,121.08659328503518,residential
Sample Residence_Point_1694,14.283944029927849,121.08659328503518,residential
Sample Residence_Point_1695,14.284844930828749,121.08659328503518,residential
Sample Residence_Point_1696,14.285745831729649,121.08659328503518,residential
Sample Residence_Point_1697,14.28664673263055,121.08659328503518,residential
Sample Residence_Point_1698,14.28754763353145,121.08659328503518,residential
Sample Residence_Point_1699,14.28844853443235,121.08659328503518,residential
Sample Residence_Point_1700,14.267727813711645,121.08749418593608,residential
Sample Residence_Point_1701,14.268628714612545,121.08749418593608,residential
Sample Residence_Point_1702,14.269529615513445,121.08749418593608,residential
Sample Residence_Point_1703,14.270430516414345,121.08749418593608,residential
Sample Residence_Point_1704,14.271331417315245,121.08749418593608,residential
Sample Residence_Point_1705,14.272232318216146,121.08749418593608,residential
Sample Residence_Point_1706,14.273133219117046,121.08749418593608,residential
Sample Residence_Point_1707,14.274034120017946,121.08749418593608,residential
Sample Residence_Point_1708,14.274935020918846,121.08749418593608,residential
Sample Residence_Point_1709,14.275835921819747,121.08749418593608,residential
Sample Residence_Point_1710,14.276736822720647,121.08749418593608,residential
Sample Residence_Point_1711,14.277637723621547,121.08749418593608,residential
Sample Residence_Point_1712,14.278538624522447,121.08749418593608,residential
Sample Residence_Point_1713,14.279439525423347,121.08749418593608,residential
Sample Residence_Point_1714,14.280340426324248,121.08749418593608,residential
Sample Residence_Point_1715,14.281241327225148,121.08749418593608,residential
Sample Residence_Point_1716,14.282142228126048,121.08749418593608,residential
Sample Residence_Point_1717,14.283043129026948,121.08749418593608,residential
Sample Residence_Point_1718,14.283944029927849,121.08749418593608,residential
Sample Residence_Point_1719,14.284844930828749,121.08749418593608,residential
Sample Residence_Point_1720,14.285745831729649,121.08749418593608,residential
Sample Residence_Point_1721,14.28664673263055,121.08749418593608,residential
Sample Residence_Point_1722,14.268628714612545,121.08839508683698,residential
Sample Residence_Point_1723,14.269529615513445,121.08839508683698,residential
Sample Residence_Point_1724,14.270430516414345,121.08839508683698,residential
Sample Residence_Point_1725,14.271331417315245,121.08839508683698,residential
Sample Residence_Point_1726,14.272232318216146,121.08839508683698,residential
Sample Residence_Point_1727,14.273133219117046,121.08839508683698,residential
Sample Residence_Point_1728,14.274034120017946,121.08839508683698,residential
Sample Residence_Point_1729,14.274935020918846,121.08839508683698,residential
Sample Residence_Point_1730,14.275835921819747,121.08839508683698,residential
Sample Residence_Point_1731,14.276736822720647,121.08839508683698,residential
Sample Residence_Point_1732,14.277637723621547,121.08839508683698,residential
Sample Residence_Point_1733,14.278538624522447,121.08839508683698,residential
Sample Residence_Point_1734,14.279439525423347,121.08839508683698,residential
Sample Residence_Point_1735,14.280340426324248,121.08839508683698,residential
Sample Residence_Point_1736,14.281241327225148,121.08839508683698,residential
Sample Residence_Point_1737,14.282142228126048,121.08839508683698,residential
Sample Residence_Point_1738,14.283043129026948,121.08839508683698,residential
Sample Residence_Point_1739,14.283944029927849,121.08839508683698,residential
Sample Residence_Point_1740,14.284844930828749,121.08839508683698,residential
Sample Residence_Point_1741,14.285745831729649,121.08839508683698,residential
Sample Residence_Point_1742,14.269529615513445,121.08929598773788,residential
Sample Residence_Point_1743,14.270430516414345,121.08929598773788,residential
Sample Residence_Point_1744,14.271331417315245,121.08929598773788,residential
Sample Residence_Point_1745,14.272232318216146,121.08929598773788,residential
Sample Residence_Point_1746,14.273133219117046,121.08929598773788,residential
Sample Residence_Point_1747,14.274034120017946,121.08929598773788,residential
Sample Residence_Point_1748,14.274935020918846,121.08929598773788,residential
Sample Residence_Point_1749,14.275835921819747,121.08929598773788,residential
Sample Residence_Point_1750,14.276736822720647,121.08929598773788,residential
Sample Residence_Point_1751,14.277637723621547,121.08929598773788,residential
Sample Residence_Point_1752,14.278538624522447,121.08929598773788,residential
Sample Residence_Point_1753,14.279439525423347,121.08929598773788,residential
Sample Residence_Point_1754,14.280340426324248,121.08929598773788,residential
Sample Residence_Point_1755,14.281241327225148,121.08929598773788,residential
Sample Residence_Point_1756,14.282142228126048,121.08929598773788,residential
Sample Residence_Point_1757,14.283043129026948,121.08929598773788,residential
Sample Residence_Point_1758,14.283944029927849,121.08929598773788,residential
Sample Residence_Point_1759,14.271331417315245,121.09019688863879,residential
Sample Residence_Point_1760,14.272232318216146,121.09019688863879,residential
Sample Residence_Point_1761,14.273133219117046,121.09019688863879,residential
Sample Residence_Point_1762,14.274034120017946,121.09019688863879,residential
Sample Residence_Point_1763,14.274935020918846,121.09019688863879,residential
Sample Residence_Point_1764,14.275835921819747,121.09019688863879,residential
Sample Residence_Point_1765,14.276736822720647,121.09019688863879,residential
Sample Residence_Point_1766,14.277637723621547,121.09019688863879,residential
Sample Residence_Point_1767,14.278538624522447,121.09019688863879,residential
Sample Residence_Point_1768,14.279439525423347,121.09019688863879,residential
Sample Residence_Point_1769,14.280340426324248,121.09019688863879,residential
Sample Residence_Point_1770,14.281241327225148,121.09019688863879,residential
Sample Residence_Point_1771,14.282142228126048,121.09019688863879,residential
Sample Residence_Point_1772,14.283043129026948,121.09019688863879,residential
Sample Residence_Point_1773,14.272232318216146,121.09109778953969,residential
Sample Residence_Point_1774,14.273133219117046,121.09109778953969,residential
Sample Residence_Point_1775,14.274034120017946,121.09109778953969,residential
Sample Residence_Point_1776,14.274935020918846,121.09109778953969,residential
Sample Residence_Point_1777,14.275835921819747,121.09109778953969,residential
Sample Residence_Point_1778,14.276736822720647,121.09109778953969,residential
Sample Residence_Point_1779,14.277637723621547,121.09109778953969,residential
Sample Residence_Point_1780,14.278538624522447,121.09109778953969,residential
Sample Residence_Point_1781,14.279439525423347,121.09109778953969,residential
Sample Residence_Point_1782,14.280340426324248,121.09109778953969,residential
Sample Residence_Point_1783,14.281241327225148,121.09109778953969,residential
Sample Residence_Point_1784,14.273133219117046,121.09199869044059,residential
Sample Residence_Point_1785,14.274034120017946,121.09199869044059,residential
Sample Residence_Point_1786,14.274935020918846,121.09199869044059,residential
Sample Residence_Point_1787,14.275835921819747,121.09199869044059,residential
Sample Residence_Point_1788,14.276736822720647,121.09199869044059,residential
Sample Residence_Point_1789,14.277637723621547,121.09199869044059,residential
Sample Residence_Point_1790,14.278538624522447,121.09199869044059,residential
Sample Residence_Point_1791,14.279439525423347,121.09199869044059,residential
Sample Residence_Point_1792,14.280340426324248,121.09199869044059,residential
Sample Residence_Point_1793,14.274034120017946,121.09289959134149,residential
Sample Residence_Point_1794,14.274935020918846,121.09289959134149,residential
Sample Residence_Point_1795,14.275835921819747,121.09289959134149,residential
Sample Residence_Point_1796,14.276736822720647,121.09289959134149,residential
Sample Residence_Point_1797,14.277637723621547,121.09289959134149,residential
Sample Residence_Point_1798,14.278538624522447,121.09289959134149,residential
Sample Residence_Point_1799,14.274935020918846,121.0938004922424,residential
Sample Residence_Point_1800,14.275835921819747,121.0938004922424,residential
Sample Residence_Point_1801,14.276736822720647,121.0938004922424,residential
Sample Residence_Point_1802,14.275835921819747,121.0947013931433,residential
